?????????,?????????еш????,?????????????,???????????,??????,????????,??????????,???????,??????,?????????????,????,??,?????????????
????????? ???ес??,????????? ???ес? ????? 5,????????? ???ес? ?????? 7,??????,3,200,???? ????(????),30,40878,02-2148-4301,37.567387,126.965804,43140
????????? ???ес??,????????? ???ес? ????? 5,????????? ???ес? ?????? 7,??????,1,130,360???????,30,40878,02-2148-4301,37.567387,126.965804,43140
????????? ???ес??,????????? ???ес? ?????1?? 1,????????? ???ес? ?????2?? 1-153,??????,1,200,???? ????(????),30,42339,02-2148-4301,37.570626,126.971932,43140
????????? ???ес??,????????? ???ес? ?????3???? 2,????????? ???ес? ?????? 311-6,??????,4,200,360???????,30,42339,02-2148-4301,37.573822,126.967213,43140
????????? ???ес??,????????? ???ес? ?????? 10-2,????????? ???ес? ?????2?? 1-241,??????,2,200,360???????,30,42339,02-2148-4301,37.571228,126.971964,43140
????????? ???ес??,????????? ???ес? ??4?? 19,????????? ???ес? ?? 34-1,??????,1,200,???? ????(????),30,42339,02-2148-4301,37.582416,126.987961,43140
????????? ???ес??,????????? ???ес? ??4?? 9,????????? ???ес? ?? 29,??????,2,200,360???????,30,41609,02-2148-4301,37.582238,126.987387,43140
????????? ???ес??,????????? ???ес? ???? 69,????????? ???ес? ?? 79-7,??????,2,200,360???????,30,41609,02-2148-4301,37.580421,126.986747,43140
????????? ???ес??,????????? ???ес? ?????? 42-1,????????? ???ес? ????? 295,??????,2,200,360???????,30,41609,02-2148-4301,37.573255,127.0022178,43140
????????? ???ес??,????????? ???ес? ?????? 51,????????? ???ес? ????? 115-1,??????,2,200,360???????,30,40634,02-2148-4301,37.5733468,127.003481,43140
????????? ???ес??,????????? ???ес? ?????? 51,????????? ???ес? ????? 115-1,??????,1,41,???? ????(????),30,40634,02-2148-4301,37.5733468,127.003481,43140
????????? ???ес??,????????? ???ес? ?????? 54,????????? ???ес? ????? 273,??????,1,200,360???????,30,38473,02-2148-4301,37.573369,127.003588,43140
????????? ???ес??,????????? ???ес? ?????? 71,????????? ???ес? ???? 179-10,??????,1,200,360???????,30,38473,02-2148-4301,37.573651,127.005702,43140
????????? ???ес??,????????? ???ес? ????3?? 27,????????? ???ес? ?????? 201-33,??????,2,200,360???????,30,42339,02-2148-4301,37.579381,127.006346,43140
????????? ???ес??,????????? ???ес? ????4?? 24,,?????,1,200,360???????,30,41913,02-2148-4301,37.578789,127.007179,43140
????????? ???ес??,????????? ???ес? ????5?? 33,,?????,1,200,360???????,30,41913,02-2148-4301,37.578836,127.010898,43140
????????? ???ес??,????????? ???ес? ?????,????????? ???ес? ???? 611-36,??????,3,200,360???????,30,42705,02-2148-4301,37.580234,127.010482,43140
????????? ???ес??,????????? ???ес? ????? 250,,?????,1,200,360???????,30,41913,02-2148-4301,37.581338,127.013139,43140
????????? ???ес??,????????? ???ес? ????? 250,,?????,1,200,360???????,30,41913,02-2148-4301,37.5821722,127.01465,43140
????????? ???ес??,????????? ???ес? ?????????? 18-1,????????? ???ес? ???? 640-163,??????,2,200,360???????,30,41609,02-2148-4301,37.574137,127.009286,43140
????????? ???ес??,????????? ???ес? ?????????? 72,????????? ???ес? ???? 618-1,??????,3,200,360???????,30,41306,02-2148-4301,37.578781,127.008671,43140
????????? ???ес??,????????? ???ес? ????????1?? 17,????????? ???ес? ????? 9-498,??????,3,200,360???????,30,41609,02-2148-4301,37.577733,127.008051,43140
????????? ???ес??,????????? ???ес? ?????????? 5,????????? ???ес? ????6?? 12-6,??????,3,200,360???????,30,42979,02-2148-4301,37.573102,127.007861,43140
????????? ???ес??,????????? ???ес? ?????????? 63,????????? ???ес? ???? 1-211,??????,2,200,360???????,30,41609,02-2148-4301,37.57528,127.008597,43140
????????? ???ес??,????????? ???ес? ?????25?? 68,????????? ???ес? ???ех? 232-15,??????,4,200,360???????,30,41974,02-2148-4301,37.5719,127.019333,43140
????????? ???ес??,????????? ???ес? ?????29?? 49,????????? ???ес? ???ех? 201-18,??????,3,200,360???????,30,41609,02-2148-4301,37.573798,127.020395,43140
????????? ???ес??,????????? ???ес? ???1?? 25,????????? ???ес? ???4?? 85-9,??????,2,200,360???????,30,41609,02-2148-4301,37.5825218,127.0007633,43140
????????? ???ес??,????????? ???ес? ???? 3,????????? ???ес? ???4?? 1,??????,1,41,360???????,30,37803,02-2148-4301,37.58344,127.001499,43140
????????? ???ес??,????????? ???ес? ???? 4,????????? ???ес? ???2?? 24-4,??????,2,200,360???????,30,41609,02-2148-4301,37.5836727,127.0013991,43140
????????? ???ес??,????????? ???ес? ???м┘? 103,????????? ???ес? ????? 28-2,??????,2,200,360???????,30,41609,02-2148-4301,37.580421,127.001952,43140
????????? ???ес??,????????? ???ес? ???м┘? 120,????????? ???ес? ?????? 1-27,??????,2,200,360???????,30,41609,02-2148-4301,37.581793,127.00241,43140
????????? ???ес??,????????? ???ес? ???м┘? 120,????????? ???ес? ?????? 1-27,??????,1,41,360???????,30,37803,02-2148-4301,37.581865,127.002158,43140
????????? ???ес??,????????? ???ес? ???м┘? 156,????????? ???ес? ????? 90-7,??????,1,200,360???????,30,41426,02-2148-4301,37.585361,127.001662,43140
????????? ???ес??,????????? ???ес? ???м┘? 16,????????? ???ес? ????? 312-1,??????,2,200,360???????,30,41609,02-2148-4301,37.572369,127.002098,43140
????????? ???ес??,????????? ???ес? ???м┘? 60,????????? ???ес? ????? 178-1,??????,2,200,360???????,30,40634,02-2148-4301,37.5767695,127.0026192,43140
????????? ???ес??,????????? ???ес? ???м┘? 60,????????? ???ес? ????? 178-1,??????,1,41,???? ????(????),30,40634,02-2148-4301,37.5767695,127.0026192,43140
????????? ???ес??,????????? ???ес? ???м┘? 64,????????? ???ес? ????? 149,??????,1,200,360???????,30,37803,02-2148-4301,37.576884,127.002435,43140
????????? ???ес??,????????? ???ес? ???м┘? 93,????????? ???ес? ????? 32-2,??????,1,200,360???????,30,37803,02-2148-4301,37.579613,127.001991,43140
????????? ???ес??,????????? ???ес? ???м┘? 95,????????? ???ес? ????? 28-2,??????,2,200,360???????,30,41609,02-2148-4301,37.579754,127.00199,43140
????????? ???ес??,????????? ???ес? ???м┘?10?? 11,????????? ???ес? ?????? 1-61,??????,1,41,360???????,30,38169,02-2148-4301,37.5817768,127.002932,43140
????????? ???ес??,????????? ???ес? ???м┘?10?? 17,????????? ???ес? ?????? 1-67,??????,1,41,360???????,30,38169,02-2148-4301,37.5817767,127.003388,43140
????????? ???ес??,????????? ???ес? ???м┘?11?? 27,????????? ???ес? ???4?? 80-1,?????,2,200,360???????,30,41306,02-2148-4301,37.5820976,127.0000597,43140
????????? ???ес??,????????? ???ес? ???м┘?11?? 27,????????? ???ес? ???4?? 80-1,?????,2,130,???? ????(????),30,41306,02-2148-4301,37.5820976,127.0000597,43140
????????? ???ес??,????????? ???ес? ???м┘?14?? 17,????????? ???ес? ????? 163-33,??????,3,200,360???????,30,41974,02-2148-4301,37.584109,127.002574,43140
????????? ???ес??,????????? ???ес? ???м┘?3?? 17,????????? ???ес? ?????? 136-92 (????1?????????),??????,1,200,360???????,30,41852,02-2148-4301,37.57416,127.000968,43140
????????? ???ес??,????????? ???ес? ???м┘?3?? 9,,?????,1,200,360???????,30,41913,02-2148-4301,37.574144,127.001246,43140
????????? ???ес??,????????? ???ес? ???м┘?5?? 16,????????? ???ес? ????? 93-13,??????,3,200,360???????,30,41609,02-2148-4301,37.5785406,127.0011013,43140
????????? ???ес??,????????? ???ес? ???м┘?7?? 18,????????? ???ес? ????? 50-6,??????,3,200,360???????,30,41609,02-2148-4301,37.5792401,127.0010345,43140
????????? ???ес??,????????? ???ес? ???м┘?8???? 36,????????? ???ес? ?????? 1-57,??????,1,41,360???????,30,38169,02-2148-4301,37.582597,127.002331,43140
????????? ???ес??,????????? ???ес? ???м┘?8?? 7,????????? ???ес? ?????? 1-111,??????,1,41,360???????,30,38169,02-2148-4301,37.580846,127.003348,43140
????????? ???ес??,????????? ???ес? ??????? 36-1,????????? ???ес? ???? 70-1,??????,1,200,360???????,30,38443,02-2148-4301,37.571724,126.991908,43140
????????? ???ес??,????????? ???ес? ??????? 56-1,????????? ???ес? ???? 121,??????,1,200,360???????,30,38443,02-2148-4301,37.573516,126.991329,43140
????????? ???ес??,????????? ???ес? ??????? 9,????????? ???ес? ?????? 68,??????,3,200,360???????,30,39417,02-2148-4301,37.569362,126.992148,43140
????????? ???ес??,????????? ???ес? ???????11??? 44,????????? ???ес? ????? 166-61,??????,2,200,360???????,30,41609,02-2148-4301,37.573735,126.989771,43140
????????? ???ес??,????????? ???ес? ???????2?? 16,????????? ???ес? ??╧╜ 212,??????,2,200,360???????,30,41609,02-2148-4301,37.56931,126.993292,43140
????????? ???ес??,????????? ???ес? ???????5???? 1,????????? ???ес? ????? 137,??????,3,200,360???????,30,42705,02-2148-4301,37.570839,126.991698,43140
????????? ???ес??,????????? ???ес? ???????6???? 13,????????? ???ес? ????? 149,??????,2,200,360???????,30,41609,02-2148-4301,37.571453,126.993304,43140
????????? ???ес??,????????? ???ес? ???????9???? 5-6,????????? ???ес? ????? 103-86,??????,3,200,360???????,30,41609,02-2148-4301,37.572009,126.99053,43140
????????? ???ес??,????????? ???ес? ???????9?? 10-4,????????? ???ес? ????? 103-118,??????,2,200,360???????,30,41609,02-2148-4301,37.571989,126.990991,43140
????????? ???ес??,????????? ???ес? ???????9?? 26,????????? ???ес? ????? 78,??????,3,200,360???????,30,41609,02-2148-4301,37.5717116,126.9905308,43140
????????? ???ес??,????????? ???ес? ??????1?? 13,????????? ???ес? ???ех? 32-26,??????,3,200,360???????,30,42339,02-2148-4301,37.578975,127.017701,43140
????????? ???ес??,????????? ???ес? ??????? 130,????????? ???ес? ???ех? 58-59 (??????? ?????????),??????,1,200,360???????,30,42826,02-2148-4301,37.577351,127.018073,43140
????????? ???ес??,????????? ???ес? ??????? 130,????????? ???ес? ???ех? 58-70 (??????? ?????????),??????,1,200,360???????,30,42826,02-2148-4301,37.577203,127.017796,43140
????????? ???ес??,????????? ???ес? ??????? 150,????????? ???ес? ???ех? 58-228 (???????),??????,1,41,360???????,30,41122,02-2148-4301,37.578101,127.017751,43140
????????? ???ес??,????????? ???ес? ??????? 150,????????? ???ес? ???ех? 58-228 (???????),??????,1,41,360???????,30,41122,02-2148-4301,37.57695,127.018381,43140
????????? ???ес??,????????? ???ес? ??????? 150,????????? ???ес? ???ех? 58-228 (???????),??????,1,200,360???????,30,41122,02-2148-4301,37.575513,127.01842,43140
????????? ???ес??,????????? ???ес? ??????? 150 (??????? ?????? ???),,??????,1,200,360???????,30,41609,02-2148-4301,37.575664,127.018135,43140
????????? ???ес??,????????? ???ес? ??????? 66-1,,?????,1,200,360???????,30,41913,02-2148-4301,37.579708,127.017096,43140
????????? ???ес??,????????? ???ес? ??????? 78-3,????????? ???ес? ?????? 265,??????,3,200,360???????,30,42339,02-2148-4301,37.574079,126.996355,43140
????????? ???ес??,????????? ???ес? ????3?? 40,????????? ???ес? ?????? 25-1,??????,2,200,360???????,30,41609,02-2148-4301,37.5827787,127.0046543,43140
????????? ???ес??,????????? ???ес? ????4???? 7,????????? ???ес? ?????? 2-22,??????,3,200,360???????,30,41609,02-2148-4301,37.583598,127.004093,43140
????????? ???ес??,????????? ???ес? ????4?? 17,????????? ???ес? ?????? 10,??????,2,200,360???????,30,42339,02-2148-4301,37.58352,127.004644,43140
????????? ???ес??,????????? ???ес? ????4???? 12,????????? ???ес? ?????? 2-43 (???????????),??????,1,200,360???????,30,42156,02-2148-4301,37.583061,127.004854,43140
????????? ???ес??,????????? ???ес? ????4???? 29,????????? ???ес? ?????? 6-31,??????,2,200,360???????,30,41609,02-2148-4301,37.583249,127.005863,43140
????????? ???ес??,????????? ???ес? ????4??? 9,????????? ???ес? ?????? 4-69,??????,3,200,360???????,30,41974,02-2148-4301,37.584029,127.005804,43140
????????? ???ес??,????????? ???ес? ?????? 101,????????? ???ес? ?????? 1-83,??????,1,200,360???????,30,41306,02-2148-4301,37.582684,127.0039087,43140
????????? ???ес??,????????? ???ес? ?????? 101,????????? ???ес? ?????? 1-83,??????,1,130,???? ????(????),30,41306,02-2148-4301,37.582684,127.0039087,43140
????????? ???ес??,????????? ???ес? ?????? 29,????????? ???ес? ?????? 1-141,??????,2,200,360???????,30,41609,02-2148-4301,37.5798665,127.0038854,43140
????????? ???ес??,????????? ???ес? ???10?? 27,????????? ???ес? ???3?? 1-915,??????,2,200,360???????,30,41609,02-2148-4301,37.590322,126.99234,43140
????????? ???ес??,????????? ???ес? ???2?? 9-2,????????? ???ес? ???3?? 1-180,??????,2,200,360???????,30,41609,02-2148-4301,37.589041,126.995601,43140
????????? ???ес??,????????? ???ес? ???3?? 10,????????? ???ес? ???3?? 1-28,??????,3,200,360???????,30,42339,02-2148-4301,37.588888,126.994202,43140
????????? ???ес??,????????? ???ес? ???3?? 41,????????? ???ес? ???3?? 1-236,??????,3,200,360???????,30,42979,02-2148-4301,37.589695,126.99297,43140
????????? ???ес??,????????? ???ес? ???3?? 49-11,????????? ???ес? ???3?? 1-240,??????,3,200,360???????,30,42979,02-2148-4301,37.589542,126.992255,43140
????????? ???ес??,????????? ???ес? ???3?? 49-4,????????? ???ес? ???3?? 1-871,??????,3,200,360???????,30,42979,02-2148-4301,37.589744,126.992554,43140
????????? ???ес??,????????? ???ес? ???4?? 3,????????? ???ес? ???3?? 1-143,??????,2,200,360???????,30,41609,02-2148-4301,37.58939,126.994821,43140
????????? ???ес??,????????? ???ес? ???6?? 8-2,????????? ???ес? ???3?? ??2-8,??????,3,200,360???????,30,42705,02-2148-4301,37.590078,126.993082,43140
????????? ???ес??,????????? ???ес? ???7?? 1,????????? ???ес? ???3?? 1-1040,??????,2,200,360???????,30,41609,02-2148-4301,37.590395,126.993302,43140
????????? ???ес??,????????? ???ес? ???7?? 14,????????? ???ес? ???3?? 1-984,??????,3,200,360???????,30,42979,02-2148-4301,37.590458,126.993872,43140
????????? ???ес??,????????? ???ес? ???7?? 26,????????? ???ес? ???3?? 1-962,??????,2,200,360???????,30,41609,02-2148-4301,37.5903814,126.9944252,43140
????????? ???ес??,????????? ???ес? ???7?? 36,????????? ???ес? ???3?? 1-907,??????,3,200,360???????,30,42979,02-2148-4301,37.590283,126.994835,43140
????????? ???ес??,????????? ???ес? ???7?? 40,????????? ???ес? ???3?? 1-907,??????,1,200,360???????,30,42979,02-2148-4301,37.59036,126.995073,43140
????????? ???ес??,????????? ???ес? ???7?? 55,????????? ???ес? ???3?? 1-883,??????,2,200,360???????,30,41609,02-2148-4301,37.590809,126.995803,43140
????????? ???ес??,????????? ???ес? ???9?? 22,????????? ???ес? ???3?? 1-1005,??????,2,200,360???????,30,42979,02-2148-4301,37.591081,126.994025,43140
????????? ???ес??,????????? ???ес? ???9?? 3-2,????????? ???ес? ???9?? 3-2,??????,2,200,360???????,30,41609,02-2148-4301,37.591107,126.993254,43140
????????? ???ес??,????????? ???ес? ????? 2,????????? ???ес? ???1?? 15,??????,4,200,360???????,30,41974,02-2148-4301,37.587797,126.996615,43140
????????? ???ес??,????????? ???ес? ????? 45-23,????????? ???ес? ???3?? 1-165,??????,3,200,360???????,30,41609,02-2148-4301,37.5894593,126.993474,43140
????????? ???ес??,????????? ???ес? ?????? 37,????????? ???ес? ?????? 146,??????,2,200,360???????,30,41609,02-2148-4301,37.569365,126.979191,43140
????????? ???ес??,????????? ???ес? ????1?? 2,????????? ???ес? ?ею?? 46-1,??????,3,200,360???????,30,41609,02-2148-4301,37.5942485,126.9682826,43140
????????? ???ес??,????????? ???ес? ????2?? 35-1,????????? ???ес? ?ею?? 61,??????,3,200,360???????,30,42705,02-2148-4301,37.598561,126.970309,43140
????????? ???ес??,????????? ???ес? ????3?? 20,????????? ???ес? ?ею?? 95-53,??????,2,200,???? ????(????),30,41609,02-2148-4301,37.596929,126.966812,43140
????????? ???ес??,????????? ???ес? ????3?? 29,????????? ???ес? ?ею?? 95-10,??????,2,200,360???????,30,41609,02-2148-4301,37.5972455,126.9674441,43140
????????? ???ес??,????????? ???ес? ?????? 11,????????? ???ес? ?ею?? 237-26,??????,1,200,360???????,30,40118,02-2148-4301,37.5931063,126.9656727,43140
????????? ???ес??,????????? ???ес? ?????? 20-3,????????? ???ес? ?ею?? 48-35,??????,3,200,360???????,30,42979,02-2148-4301,37.593207,126.966545,43140
????????? ???ес??,????????? ???ес? ?????? 232,????????? ???ес? ?ею?? 91,??????,2,200,360???????,30,41609,02-2148-4301,37.5980517,126.9670704,43140
????????? ???ес??,????????? ???ес? ?????? 259,????????? ???ес? ?ею?? 151,??????,3,200,360???????,30,42339,02-2148-4301,37.597277,126.966233,43140
????????? ???ес??,????????? ???ес? ?????? 40,????????? ???ес? ?ею?? 48-4,??????,3,200,360???????,30,42979,02-2148-4301,37.593933,126.966783,43140
????????? ???ес??,????????? ???ес? ?????? 75,????????? ???ес? ?ею?? 29-12,??????,3,200,360???????,30,42979,02-2148-4301,37.594173,126.968669,43140
????????? ???ес??,????????? ???ес? ?????? 3,????????? ???ес? ???ех? 1248,??????,3,200,360???????,30,41609,02-2148-4301,37.5759281,127.0229556,43140
????????? ???ес??,????????? ???ес? ??????3?? 11,????????? ???ес? ???ех? 1147,??????,3,200,360???????,30,42339,02-2148-4301,37.576571,127.022696,43140
????????? ???ес??,????????? ???ес? ??????7?? 6,????????? ???ес? ???ех? 350,??????,3,200,360???????,30,41609,02-2148-4301,37.577678,127.02271,43140
????????? ???ес??,????????? ???ес? ??????9?? 3-6,????????? ???ес? ???ех? 386,??????,3,200,360???????,30,41609,02-2148-4301,37.5781899,127.0225795,43140
????????? ???ес??,????????? ???ес? ????? 267,????????? ???ес? ????? ??6-17 (???? ?????),??????,1,130,360???????,30,41122,02-2148-4301,37.601845,126.981154,43140
????????? ???ес??,????????? ???ес? ????? 267,????????? ???ес? ????? ?? 6-17,??????,1,200,360???????,30,41487,02-2148-4301,37.601961,126.98165,43140
????????? ???ес??,????????? ???ес? ????? 127,????????? ???ес? ????? 28-6,??????,1,200,360???????,30,41091,02-2148-4301,37.586825,126.983524,43140
????????? ???ес??,????????? ???ес? ????? 134-3,????????? ???ес? ????? ??2-1 (??????? ??????),??????,1,200,360???????,30,41852,02-2148-4301,37.588569,126.984083,43140
????????? ???ес??,????????? ???ес? ????? 134-3,????????? ???ес? ????? ??2-1 (??????? ???? ??),??????,1,200,360???????,30,41852,02-2148-4301,37.588912,126.984874,43140
????????? ???ес??,????????? ???ес? ????? 134-3,????????? ???ес? ????? ??2-1 (??????? ?? ?????),??????,1,200,360???????,30,41852,02-2148-4301,37.589455,126.985669,43140
????????? ???ес??,????????? ???ес? ????? 4?? 27,,?????,1,200,360???????,30,41913,02-2148-4301,37.579366,126.986666,43140
????????? ???ес??,????????? ???ес? ?????11?? 33,????????? ???ес? ????? 33-13,??????,2,200,360???????,30,41609,02-2148-4301,37.582327,126.983554,43140
????????? ???ес??,????????? ???ес? ?????11?? 5,????????? ???ес? ????? 60,??????,3,200,360???????,30,41609,02-2148-4301,37.5814443,126.9846659,43140
????????? ???ес??,????????? ???ес? ?????11?? 74,????????? ???ес? ????? 35-119,??????,3,200,360???????,30,41609,02-2148-4301,37.5839378,126.9832846,43140
????????? ???ес??,????????? ???ес? ?????11???? 26,????????? ???ес? ????? 35-169,??????,2,200,360???????,30,41609,02-2148-4301,37.5821066,126.9821919,43140
????????? ???ес??,????????? ???ес? ?????11??? 30,????????? ???ес? ????? 35-63,??????,3,200,360???????,30,41609,02-2148-4301,37.5834412,126.9825954,43140
????????? ???ес??,????????? ???ес? ?????15?? 23-5,????????? ???ес? ????? 28-7,??????,1,200,360???????,30,41609,02-2148-4301,37.585919,126.983717,43140
????????? ???ес??,????????? ???ес? ?????15?? 27,????????? ???ес? ????? 158-18,??????,2,200,360???????,30,41609,02-2148-4301,37.585635,126.983875,43140
????????? ???ес??,????????? ???ес? ?????1?? 28,????????? ???ес? ????? 75-5,??????,3,200,360???????,30,41974,02-2148-4301,37.5772561,126.984081,43140
????????? ???ес??,????????? ???ес? ?????4?? 7,????????? ???ес? ????? 210,??????,4,200,360???????,30,39417,02-2148-4301,37.579179,126.985421,43140
????????? ???ес??,????????? ???ес? ?????5???? 12-19,????????? ???ес? ??? 87-2,??????,1,41,???? ????(????),30,40634,02-2148-4301,37.5805912,126.9822047,43140
????????? ???ес??,????????? ???ес? ?????5???? 11,????????? ???ес? ??? 25-1,??????,2,200,360???????,30,41609,02-2148-4301,37.581104,126.982183,43140
????????? ???ес??,????????? ???ес? ?????6?? 1,,?????,1,200,360???????,30,41913,02-2148-4301,37.580055,126.985093,43140
????????? ???ес??,????????? ???ес? ?????6?? 13-2,????????? ???ес? ????? 192,??????,3,200,360???????,30,41974,02-2148-4301,37.5802588,126.9857223,43140
????????? ???ес??,????????? ???ес? ???2?? 32,????????? ???ес? ???? 138-1,??????,3,200,360???????,30,42339,02-2148-4301,37.612496,126.958917,43140
????????? ???ес??,????????? ???ес? ????? 15,????????? ???ес? ???? 150,??????,4,200,360???????,30,41609,02-2148-4301,37.609918,126.956509,43140
????????? ???ес??,????????? ???ес? ????? 23(????????? ??? ?????),,?????,1,200,360???????,30,42217,02-2148-4301,37.611546,126.95634,43140
????????? ???ес??,????????? ???ес? ????? 48,????????? ???ес? ???? 139-11,??????,3,200,360???????,30,41609,02-2148-4301,37.6131269,126.9558748,43140
????????? ???ес??,????????? ???ес? ?????? 73,????????? ???ес? ?????? 228,??????,1,200,360???????,30,41487,02-2148-4301,37.574907,126.967722,43140
????????? ???ес??,????????? ???ес? ?????? 95,????????? ???ес? ??? 142,??????,1,200,360???????,30,38443,02-2148-4301,37.5762232,126.9693121,43140
????????? ???ес??,????????? ???ес? ??????1???? 10,????????? ???ес? ????? 1-83,??????,1,200,360???????,30,41306,02-2148-4301,37.5732944,126.9633656,43140
????????? ???ес??,????????? ???ес? ??????1???? 10,????????? ???ес? ????? 1-83,??????,2,130,???? ????(????),30,41306,02-2148-4301,37.5732944,126.9633656,43140
????????? ???ес??,????????? ???ес? ??????1?? 12,????????? ???ес? ????? 171-42,??????,3,200,360???????,30,41609,02-2148-4301,37.572896,126.962546,43140
????????? ???ес??,????????? ???ес? ??????1?? 22-13,????????? ???ес? ????? 171-94,??????,3,200,360???????,30,42979,02-2148-4301,37.573405,126.962951,43140
????????? ???ес??,????????? ???ес? ??????1?? 47,????????? ???ес? ????? 210-196,??????,4,200,360???????,30,41974,02-2148-4301,37.574193,126.961832,43140
????????? ???ес??,????????? ???ес? ??????1???? 43,????????? ???ес? ????? 210-67,??????,3,200,360???????,30,41609,02-2148-4301,37.575102,126.962929,43140
????????? ???ес??,????????? ???ес? ??????1??? 11,????????? ???ес? ????? 210-333,??????,1,200,???? ????(????),30,42979,02-2148-4301,37.574215,126.962871,43140
????????? ???ес??,????????? ???ес? ??????1??? 2,????????? ???ес? ????? 171-112,??????,4,200,360???????,30,41609,02-2148-4301,37.5737506,126.9625347,43140
????????? ???ес??,????????? ???ес? ??????1??? 30,????????? ???ес? ????? 210-488,??????,2,200,360???????,30,41609,02-2148-4301,37.5751794,126.9624265,43140
????????? ???ес??,????????? ???ес? ??????1???? 2-6,????????? ???ес? ????? 210-174,??????,4,200,360???????,30,42339,02-2148-4301,37.574248,126.962736,43140
????????? ???ес??,????????? ???ес? ??????2?? 8,????????? ???ес? ????? 1-146,??????,3,200,360???????,30,41609,02-2148-4301,37.572669,126.964226,43140
????????? ???ес??,????????? ???ес? ??????5?? 29,????????? ???ес? ?????? 287,??????,2,200,360???????,30,41609,02-2148-4301,37.5743985,126.9651299,43140
????????? ???ес??,????????? ???ес? ??????5?? 36,????????? ???ес? ?????? 284,??????,3,200,360???????,30,42705,02-2148-4301,37.573993,126.96504,43140
????????? ???ес??,????????? ???ес? ??????5?? 9-1,????????? ???ес? ?????? 280-1,??????,2,200,360???????,30,41609,02-2148-4301,37.574335,126.965637,43140
????????? ???ес??,????????? ???ес? ??????8?? 13(?????????),????????? ???ес? ????? 169,?????,1,200,360???????,30,42522,02-2148-4301,37.574936,126.970238,43140
????????? ???ес??,????????? ???ес? ??????8?? 31,????????? ???ес? ????? 201-11,??????,1,41,360???????,30,39417,02-2148-4301,37.574413,126.971576,43140
????????? ???ес??,????????? ???ес? ??????8?? 4,????????? ???ес? ?????? 9,??????,1,130,360???????,30,40360,02-2148-4301,37.5747507,126.9701775,43140
????????? ???ес??,????????? ???ес? ??????9?? 15-25,????????? ???ес? ?????? 262-197,??????,3,200,360???????,30,42705,02-2148-4301,37.576551,126.965679,43140
????????? ???ес??,????????? ???ес? ??????9?? 15-32 (???????? ??еф? ???),,??????,1,200,360???????,30,41609,02-2148-4301,37.576618,126.96558,43140
????????? ???ес??,????????? ???ес? ??????9?? 16-1(?????? ???? ?ес?),,?????,1,200,360???????,30,42217,02-2148-4301,37.57692,126.967844,43140
????????? ???ес??,????????? ???ес? ????? 78-1,????????? ???ес? ????? 45-2,??????,1,200,360???????,30,39417,02-2148-4301,37.5721355,126.9815198,43140
????????? ???ес??,????????? ???ес? ?????? 445,????????? ???ес? ??? 63-10,??????,1,200,360???????,30,38443,02-2148-4301,37.574201,126.987048,43140
????????? ???ес??,????????? ???ес? ?????? 446,,?????,1,200,360???????,30,41913,02-2148-4301,37.5751961,126.9870281,43140
????????? ???ес??,????????? ???ес? ?????? 457,????????? ???ес? ??? 88,??????,1,200,360???????,30,38443,02-2148-4301,37.575399,126.986508,43140
????????? ???ес??,????????? ???ес? ??????30?? 14,????????? ???ес? ?????? 58-9,??????,3,200,360???????,30,41609,02-2148-4301,37.5740062,126.9886005,43140
????????? ???ес??,????????? ???ес? ??????32?? 36,????????? ???ес? ????? 18-2,??????,3,200,360???????,30,41609,02-2148-4301,37.575495,126.989198,43140
????????? ???ес??,????????? ???ес? ?????9?? 45,????????? ???ес? ????? 5,??????,2,200,360???????,30,41609,02-2148-4301,37.588246,126.98094,43140
????????? ???ес??,????????? ???ес? ??????? 105,????????? ???ес? ?????? 204-1,??????,3,200,360???????,30,41609,02-2148-4301,37.5705079,126.9763061,43140
????????? ???ес??,????????? ???ес? ??????? 55 (????йг??? ????),,??????,1,200,360???????,30,41609,02-2148-4301,37.570144,126.96963,43140
????????? ???ес??,????????? ???ес? ??????? 92,????????? ???ес? ?????1?? 163,??????,1,200,360???????,30,40878,02-2148-4301,37.569518,126.974471,43140
????????? ???ес??,????????? ???ес? ??????? 96,????????? ???ес? ?????1?? 135-2,??????,1,200,360???????,30,41244,02-2148-4301,37.5699813,126.9755031,43140
????????? ???ес??,????????? ???ес? ???????5?? 14-1,????????? ???ес? ????? 44-3,??????,3,200,360???????,30,41609,02-2148-4301,37.5715476,126.974912,43140
????????? ???ес??,????????? ???ес? ???????9?? 9,????????? ???ес? ?????1?? 7-5,??????,1,200,360???????,30,42948,02-2148-4301,37.570758,126.975946,43140
????????? ???ес??,????????? ???ес? ??????? 17,????????? ???ес? ???2?? 142-2,??????,1,200,360???????,30,38504,02-2148-4301,37.584337,126.997455,43140
????????? ???ес??,????????? ???ес? ??????? 40,????????? ???ес? ???1?? 83-5,??????,3,200,360???????,30,42705,02-2148-4301,37.586529,126.996745,43140
????????? ???ес??,????????? ???ес? ??????? 54-13,????????? ???ес? ???1?? 16-48,??????,1,41,360???????,30,38687,02-2148-4301,37.587386,126.99708,43140
????????? ???ес??,????????? ???ес? ??????? 58-23,????????? ???ес? ???1?? 16-26,??????,1,41,360???????,30,38687,02-2148-4301,37.587712,126.997642,43140
????????? ???ес??,????????? ???ес? ??????? 76,,?????,1,200,360???????,30,42217,02-2148-4301,37.589234,126.997408,43140
????????? ???ес??,????????? ???ес? ???????13?? 13,????????? ???ес? ???1?? 7-2,??????,4,200,360???????,30,42339,02-2148-4301,37.589798,126.99688,43140
????????? ???ес??,????????? ???ес? ???????13?? 63(?????????),,?????,1,200,360???????,30,42217,02-2148-4301,37.591126,126.995144,43140
????????? ???ес??,????????? ???ес? ???????14?? 14,????????? ???ес? ???1?? 33-87,??????,1,41,360???????,30,38687,02-2148-4301,37.5888518,126.9976327,43140
????????? ???ес??,????????? ???ес? ???????14?? 30,????????? ???ес? ???1?? 23-3,??????,1,41,360???????,30,38687,02-2148-4301,37.5880445,126.9976432,43140
????????? ???ес??,????????? ???ес? ???????17?? 28,????????? ???ес? ???1?? 2-19,??????,3,200,360???????,30,41609,02-2148-4301,37.5904788,126.9976123,43140
????????? ???ес??,????????? ???ес? ???????25 (???????? ???? ??),,??????,1,200,360???????,30,41852,02-2148-4301,37.584814,126.997106,43140
????????? ???ес??,????????? ???ес? ???????25 (???????? ???? ??),,??????,1,200,360???????,30,41852,02-2148-4301,37.585041,126.997118,43140
????????? ???ес??,????????? ???ес? ???????3?? 5,????????? ???ес? ???3?? 133,??????,4,200,360???????,30,42979,02-2148-4301,37.583611,126.997801,43140
????????? ???ес??,????????? ???ес? ???????4?? 6,????????? ???ес? ???2?? 145,??????,2,200,360???????,30,41609,02-2148-4301,37.584526,126.99781,43140
????????? ???ес??,????????? ???ес? ???????5?? 25-13 (???мр??????),,??????,1,200,360???????,30,42156,02-2148-4301,37.584655,126.996847,43140
????????? ???ес??,????????? ???ес? ???????5?? 29,????????? ???ес? ???3?? 72-7,??????,4,200,360???????,30,41609,02-2148-4301,37.5846265,126.9959455,43140
????????? ???ес??,????????? ???ес? ???????5?? 83,????????? ???ес? ???3?? 59-1,??????,2,200,360???????,30,41609,02-2148-4301,37.58662,126.994137,43140
????????? ???ес??,????????? ???ес? ???????7?? 25,????????? ???ес? ???3?? 38-1,??????,2,200,360???????,30,41609,02-2148-4301,37.587583,126.995777,43140
????????? ???ес??,????????? ???ес? ????????,????????? ???ес? ????? 72-7,??????,1,200,360???????,30,42675,02-2148-4301,37.600282,126.957949,43140
????????? ???ес??,????????? ???ес? ???????? 209-16,????????? ???ес? ????? 36-25,??????,3,200,360???????,30,41609,02-2148-4301,37.5993978,126.95616,43140
????????? ???ес??,????????? ???ес? ???????? 260,????????? ???ес? ????? 131-1,??????,1,200,360???????,30,41306,02-2148-4301,37.6016444,126.96141,43140
????????? ???ес??,????????? ???ес? ???????? 260,????????? ???ес? ????? 131-1,??????,2,130,???? ????(????),30,41306,02-2148-4301,37.6016444,126.96141,43140
????????? ???ес??,????????? ???ес? ????????6?? 51-4,????????? ???ес? ????? 140-1,??????,1,200,360???????,30,41821,02-2148-4301,37.600281,126.961883,43140
????????? ???ес??,????????? ???ес? ????????6??? 10(?ею??????),????????? ???ес? ????? 105-12,?????,1,200,360???????,30,42522,02-2148-4301,37.601661,126.962604,43140
????????? ???ес??,????????? ???ес? ????????7?? 19(????????? ???? ?ес?),,?????,1,200,360???????,30,42217,02-2148-4301,37.602735,126.960755,43140
????????? ???ес??,????????? ???ес? ????????7???? 14,????????? ???ес? ????? 214-43,??????,3,200,360???????,30,41609,02-2148-4301,37.6037028,126.9599191,43140
????????? ???ес??,????????? ???ес? ????????9?? 1,????????? ???ес? ????? 219-4,??????,1,200,360???????,30,41821,02-2148-4301,37.603375,126.9620139,43140
????????? ???ес??,????????? ???ес? ????????9?? 19(????????? ??? ?ес?),,?????,1,200,360???????,30,42217,02-2148-4301,37.603958,126.961269,43140
????????? ???ес??,????????? ???ес? ????????9?? 51,????????? ???ес? ????? 234-3,??????,3,200,360???????,30,41609,02-2148-4301,37.6052618,126.9601809,43140
????????? ???ес??,????????? ???ес? ??????? 141,????????? ???ес? ?????1?? 68-1,??????,2,200,360???????,30,41609,02-2148-4301,37.568989,126.976456,43140
????????? ???ес??,????????? ???ес? ??????? 152,????????? ???ес? ?????? 139-8,??????,2,200,360???????,30,41609,02-2148-4301,37.5698106,126.977367,43140
????????? ???ес??,????????? ???ес? ??????? 175,????????? ???ес? ?????? 81-3,??????,1,200,360???????,30,40878,02-2148-4301,37.571682,126.975404,43140
????????? ???ес??,????????? ???ес? ???1??,????????? ???ес? ????? 2-1 (??????? ??????? ???),??????,1,200,360???????,30,41609,02-2148-4301,37.5718062,126.9655525,43140
????????? ???ес??,????????? ???ес? ???1??,????????? ???ес? ????? 2-1 (??????? ??????? ???),??????,1,200,360???????,30,41609,02-2148-4301,37.5710507,126.9659327,43140
????????? ???ес??,????????? ???ес? ???1?? 30,????????? ???ес? ????? 1-92 (?????1???? ???????),??????,2,200,360???????,30,42948,02-2148-4301,37.5712243,126.9651817,43140
????????? ???ес??,????????? ???ес? ???1?? 44-30,????????? ???ес? ????? 1-46,??????,3,200,360???????,30,42979,02-2148-4301,37.572423,126.965298,43140
????????? ???ес??,????????? ???ес? ???1?? 46,????????? ???ес? ???? 2-3,??????,1,130,360???????,30,40878,02-2148-4301,37.5717861,126.9650111,43140
????????? ???ес??,????????? ???ес? ???1?? 46,????????? ???ес? ???? 2-3,??????,3,200,???? ????(????),30,40878,02-2148-4301,37.5717861,126.9650111,43140
????????? ???ес??,????????? ???ес? ???1?? 71,????????? ???ес? ????? 1-78,??????,3,200,360???????,30,41609,02-2148-4301,37.572862,126.965167,43140
????????? ???ес??,????????? ???ес? ????? 53,????????? ???ес? ????? 32-43 (?????1???? ?????),??????,3,200,360???????,30,42948,02-2148-4301,37.570069,126.965685,43140
????????? ???ес??,????????? ???ес? ????? 53,????????? ???ес? ????? 32-43 (?????1???? ?????),??????,1,200,360???????,30,42948,02-2148-4301,37.569938,126.96567,43140
????????? ???ес??,????????? ???ес? ????? 54,????????? ???ес? ???? 5-21 (?????1???? ???????),??????,2,200,360???????,30,42948,02-2148-4301,37.5713932,126.9647254,43140
????????? ???ес??,????????? ???ес? ????? 115,????????? ???ес? ?????? 210,??????,1,200,360???????,30,39417,02-2148-4301,37.5715188,126.9891396,43140
????????? ???ес??,????????? ???ес? ????? 127,????????? ???ес? ?????? 237-2,??????,1,200,360???????,30,40848,02-2148-4301,37.572494,126.988586,43140
????????? ???ес??,????????? ???ес? ????? 130,????????? ???ес? ?????? 100-1,??????,1,130,360???????,30,40940,02-2148-4301,37.57266,126.988635,43140
????????? ???ес??,????????? ???ес? ????? 89,????????? ???ес? ?????? 157-1,??????,3,200,360???????,30,41609,02-2148-4301,37.5692068,126.9894584,43140
????????? ???ес??,????????? ???ес? ????? 90-1,????????? ???ес? ?????? 15,??????,1,200,360???????,30,40848,02-2148-4301,37.569284,126.989588,43140
????????? ???ес??,????????? ???ес? ?????20?? 13,????????? ???ес? ????3?? 110,??????,1,200,360???????,30,41306,02-2148-4301,37.569941,126.990356,43140
????????? ???ес??,????????? ???ес? ?????20?? 13,????????? ???ес? ????3?? 110,??????,1,130,???? ????(????),30,41306,02-2148-4301,37.569941,126.990356,43140
????????? ???ес??,????????? ???ес? ?????26?? 22,????????? ???ес? ????? 103-27,??????,3,200,360???????,30,41609,02-2148-4301,37.572288,126.990321,43140
????????? ???ес??,????????? ???ес? ?????28?? 17,????????? ???ес? ????? 166-55,??????,1,200,360???????,30,41306,02-2148-4301,37.5728796,126.9895228,43140
????????? ???ес??,????????? ???ес? ?????28?? 17,????????? ???ес? ????? 166-55,??????,1,130,???? ????(????),30,41306,02-2148-4301,37.5728796,126.9895228,43140
????????? ???ес??,????????? ???ес? ?????28?? 45,????????? ???ес? ????? 160-3,??????,3,200,360???????,30,41609,02-2148-4301,37.573266,126.990771,43140
????????? ???ес??,????????? ???ес? ???ех?1???? 1-5,????????? ???ес? ???ех? 853,??????,2,200,360???????,30,41609,02-2148-4301,37.5768468,127.0209148,43140
????????? ???ес??,????????? ???ес? ???ех?1???? 28,????????? ???ес? ???ех? 672,??????,4,200,360???????,30,42339,02-2148-4301,37.57792,127.021516,43140
????????? ???ес??,????????? ???ес? ???ех?1?? 41,????????? ???ес? ???ех? 181-162,??????,2,200,360???????,30,41609,02-2148-4301,37.5765725,127.0196408,43140
????????? ???ес??,????????? ???ес? ???ех?1?? 42-11,????????? ???ес? ???ех? 181-92,??????,2,200,???? ????(????),30,42705,02-2148-4301,37.576777,127.020067,43140
????????? ???ес??,????????? ???ес? ???ех?1???? 11,????????? ???ес? ???ех? 872,??????,3,200,360???????,30,41609,02-2148-4301,37.577224,127.020367,43140
????????? ???ес??,????????? ???ес? ???ех?1??? 23-4,????????? ???ес? ???ех? 181-152,??????,4,200,360???????,30,42339,02-2148-4301,37.577001,127.018902,43140
????????? ???ес??,????????? ???ес? ???ех?2?? 29,????????? ???ес? ???ех? 605 (???ею????????),??????,1,200,360???????,30,42156,02-2148-4301,37.577917,127.020336,43140
????????? ???ес??,????????? ???ес? ???ех?2?? 30,????????? ???ес? ???ех? 553,??????,3,200,360???????,30,41609,02-2148-4301,37.5781388,127.020228,43140
????????? ???ес??,????????? ???ес? ???ех?2?? 41,????????? ???ес? ???ех? 577,??????,3,200,360???????,30,41609,02-2148-4301,37.577793,127.019584,43140
????????? ???ес??,????????? ???ес? ???ех??? 40,????????? ???ес? ???ех? 750,??????,3,200,360???????,30,41609,02-2148-4301,37.5769395,127.0220012,43140
????????? ???ес??,????????? ???ес? ???ех??? 53-15,????????? ???ес? ???ех? 691,??????,3,200,360???????,30,42705,02-2148-4301,37.577381,127.021571,43140
????????? ???ес??,????????? ???ес? ????3?? 32-1,????????? ???ес? ???? 166-3,??????,3,200,360???????,30,41609,02-2148-4301,37.5799517,126.9656944,43140
????????? ???ес??,????????? ???ес? ????5?? 7,????????? ???ес? ???ех? 180,??????,3,200,360???????,30,42339,02-2148-4301,37.582428,126.964806,43140
????????? ???ес??,????????? ???ес? ????6???? 8,????????? ???ес? ???? 166-114,??????,3,200,360???????,30,41609,02-2148-4301,37.5815663,126.964933,43140
????????? ???ес??,????????? ???ес? ????6?? 23,????????? ???ес? ???? 166-125,??????,2,200,360???????,30,41609,02-2148-4301,37.580918,126.964765,43140
????????? ???ес??,????????? ???ес? ????6?? 26-17,????????? ???ес? ???? ??1-3 (?ея????? ???????? ??????),??????,1,200,360???????,30,41609,02-2148-4301,37.579652,126.964202,43140
????????? ???ес??,????????? ???ес? ????6?? 32,????????? ???ес? ???? 166-214,??????,1,200,???? ????(????),30,41609,02-2148-4301,37.580905,126.964573,43140
????????? ???ес??,????????? ???ес? ????6?? 39,????????? ???ес? ???? 166-16,??????,2,200,360???????,30,41609,02-2148-4301,37.58045,126.9648476,43140
????????? ???ес??,????????? ???ес? ????6?? 54,????????? ???ес? ???? 166-251,??????,4,200,360???????,30,41609,02-2148-4301,37.5798331,126.964863,43140
????????? ???ес??,????????? ???ес? ???ес?,????????? ???ес? ???ех? 185-3 (?????????),??????,1,41,360???????,30,40940,02-2148-4301,37.582144,126.9637,43140
????????? ???ес??,????????? ???ес? ???ес?,????????? ???ес? ???ех? 185-3 (?????????),??????,1,41,360???????,30,40940,02-2148-4301,37.582513,126.963871,43140
????????? ???ес??,????????? ???ес? ???ес?,????????? ???ес? ???ех? 185-3 (?????????),??????,1,41,360???????,30,40940,02-2148-4301,37.583002,126.96201,43140
????????? ???ес??,????????? ???ес? ???ес?,????????? ???ес? ???ех? 185-3 (?????????),??????,1,41,360???????,30,40940,02-2148-4301,37.582416,126.962273,43140
????????? ???ес??,????????? ???ес? ???ес? 18(?????????),????????? ???ес? ???ех? 149-1,?????,1,200,360???????,30,42522,02-2148-4301,37.580694,126.967469,43140
????????? ???ес??,????????? ???ес? ???ес? 40,????????? ???ес? ???ех? 171-1,??????,4,200,360???????,30,40940,02-2148-4301,37.581068,126.966577,43140
????????? ???ес??,????????? ???ес? ???????? 192,????????? ???ес? ???3?? ??2-14 (??????),??????,1,41,360???????,30,40848,02-2148-4301,37.59128,126.99451,43140
????????? ???ес??,????????? ???ес? ???????? 192,????????? ???ес? ???3?? ??2-14 (??????),??????,1,41,360???????,30,41122,02-2148-4301,37.591208,126.989959,43140
????????? ???ес??,????????? ???ес? ???????? 192,????????? ???ес? ???3?? ??2-14 (??????),??????,1,41,360???????,30,41122,02-2148-4301,37.59185,126.992858,43140
????????? ???ес??,????????? ???ес? ???????? 192,????????? ???ес? ???3?? ??2-14 (??????),??????,1,41,360???????,30,41122,02-2148-4301,37.592161,126.996075,43140
????????? ???ес??,????????? ???ес? ???????? 2,????????? ???ес? ????? 288,??????,3,200,360???????,30,41609,02-2148-4301,37.569073,126.982968,43140
????????? ???ес??,????????? ???ес? ???????? 29,????????? ???ес? ???? 120-2,??????,3,200,360???????,30,41609,02-2148-4301,37.571916,126.9828707,43140
????????? ???ес??,????????? ???ес? ???????? 10,????????? ???ес? ????? 170,??????,2,200,360???????,30,41609,02-2148-4301,37.5766031,126.9843822,43140
????????? ???ес??,????????? ???ес? ????? 184,????????? ???ес? ?????? 49-16,??????,1,200,360???????,30,39417,02-2148-4301,37.5757568,126.9991619,43140
????????? ???ес??,????????? ???ес? ????? 235,????????? ???ес? ???? 52-2,??????,1,200,360???????,30,41091,02-2148-4301,37.575796,127.004999,43140
????????? ???ес??,????????? ???ес? ????? 264,,?????,1,200,360???????,30,41913,02-2148-4301,37.573627,127.006691,43140
????????? ???ес??,????????? ???ес? ????? 283 (???????????? ?????? ???),,??????,1,200,360???????,30,41609,02-2148-4301,37.573057,127.00869,43140
????????? ???ес??,????????? ???ес? ????? 283 (???????????? ????? ???),,??????,1,200,360???????,30,41609,02-2148-4301,37.572536,127.008603,43140
????????? ???ес??,????????? ???ес? ?????10?? 12,????????? ???ес? ??°к 21,??????,3,200,360???????,30,42705,02-2148-4301,37.576838,126.990928,43140
????????? ???ес??,????????? ???ес? ?????13???? 28,????????? ???ес? ????? 289-1,??????,3,200,360???????,30,42705,02-2148-4301,37.576772,126.999566,43140
????????? ???ес??,????????? ???ес? ?????13?? 13,????????? ???ес? ????? 273-8,??????,2,200,360???????,30,41609,02-2148-4301,37.576793,127.000706,43140
????????? ???ес??,????????? ???ес? ?????14?? 40(???????? ?????),,?????,1,200,360???????,30,42217,02-2148-4301,37.574305,127.00332,43140
????????? ???ес??,????????? ???ес? ?????17?? 7-2,????????? ???ес? ????? 96-2,??????,2,200,360???????,30,41609,02-2148-4301,37.5761864,127.0049736,43140
????????? ???ес??,????????? ???ес? ?????19???? 7-6,????????? ???ес? ???? 5-22,??????,3,200,360???????,30,42979,02-2148-4301,37.575675,127.005975,43140
????????? ???ес??,????????? ???ес? ?????19?? 19,????????? ???ес? ????? 12-2,??????,2,200,360???????,30,41609,02-2148-4301,37.57629,127.0059,43140
????????? ???ес??,????????? ???ес? ?????19?? 29,????????? ???ес? ????? 9-28,??????,3,200,360???????,30,42979,02-2148-4301,37.576586,127.006559,43140
????????? ???ес??,????????? ???ес? ?????22???? 25-1,????????? ???ес? ???? 191-1,??????,2,200,360???????,30,41609,02-2148-4301,37.5742458,127.0040262,43140
????????? ???ес??,????????? ???ес? ?????23?? 1,????????? ???ес? ???? 35-14,??????,3,200,360???????,30,41609,02-2148-4301,37.5750473,127.0060536,43140
????????? ???ес??,????????? ???ес? ?????23?? 18-1,????????? ???ес? ???? 5-69,??????,3,200,360???????,30,42979,02-2148-4301,37.575392,127.006549,43140
????????? ???ес??,????????? ???ес? ?????27?? 5,????????? ???ес? ???? 25-56,??????,3,200,360???????,30,42979,02-2148-4301,37.574398,127.006831,43140
????????? ???ес??,????????? ???ес? ?????29?? 10,????????? ???ес? ????6?? 203-3,??????,3,200,360???????,30,42979,02-2148-4301,37.574112,127.007482,43140
????????? ???ес??,????????? ???ес? ?????3?? 49,????????? ???ес? ?????? 34,??????,3,200,360???????,30,41609,02-2148-4301,37.5772909,126.9824854,43140
????????? ???ес??,????????? ???ес? ?????3?? 87,????????? ???ес? ???? 144-2,??????,1,200,360???????,30,40878,02-2148-4301,37.57955,126.98215,43140
????????? ???ес??,????????? ???ес? ?????4?? 48,????????? ???ес? ????? 80-7 (??????? ??????),??????,1,200,360???????,30,41609,02-2148-4301,37.57385,126.981121,43140
????????? ???ес??,????????? ???ес? ?????8?? 37,????????? ???ес? ??°к 42,??????,3,200,360???????,30,42339,02-2148-4301,37.575663,126.990911,43140
????????? ???ес??,????????? ???ес? ?????1?? 33,????????? ???ес? ????? 6-2,??????,2,200,360???????,30,41609,02-2148-4301,37.577803,127.005957,43140
????????? ???ес??,????????? ???ес? ?????1???? 15,????????? ???ес? ????? 9-264,??????,2,200,360???????,30,41609,02-2148-4301,37.5776208,127.0066968,43140
????????? ???ес??,????????? ???ес? ?????? 14,????????? ???ес? ????? 186-3,??????,2,200,360???????,30,40634,02-2148-4301,37.57686,127.00333,43140
????????? ???ес??,????????? ???ес? ?????? 14,????????? ???ес? ????? 186-3,??????,1,41,???? ????(????),30,40634,02-2148-4301,37.57686,127.00333,43140
????????? ???ес??,????????? ???ес? ?????? 33,????????? ???ес? ????? 149-1,??????,2,200,360???????,30,41609,02-2148-4301,37.576895,127.004523,43140
????????? ???ес??,????????? ???ес? ?????? 70-12,????????? ???ес? ?????? 199-20,??????,2,200,360???????,30,41609,02-2148-4301,37.578469,127.005206,43140
????????? ???ес??,????????? ???ес? ?????? 84,????????? ???ес? ?????? 192-14,??????,2,200,360???????,30,41609,02-2148-4301,37.5790919,127.0045073,43140
????????? ???ес??,????????? ???ес? ?еы╧╜5?? 41,????????? ???ес? ???? 1,??????,1,200,360???????,30,42401,02-2148-4301,37.572246,126.984261,43140
????????? ???ес??,????????? ???ес? ?еы╧╜7?? 6,????????? ???ес? ????? 197-24,??????,3,200,360???????,30,42705,02-2148-4301,37.573053,126.985715,43140
????????? ???ес??,????????? ???ес? ?еы╧╜?? 1,????????? ???ес? ?еы╧╜ 72,??????,2,200,360???????,30,41609,02-2148-4301,37.5710565,126.9874275,43140
????????? ???ес??,????????? ???ес? ?еы╧╜?? 11-1,????????? ???ес? ?еы╧╜ 147,??????,2,200,360???????,30,41609,02-2148-4301,37.571879,126.986877,43140
????????? ???ес??,????????? ???ес? ?еы╧╜?? 20-22,????????? ???ес? ?еы╧╜ 34-15,??????,3,200,360???????,30,41609,02-2148-4301,37.572623,126.987428,43140
????????? ???ес??,????????? ???ес? ?еы╧╜?? 23-1,????????? ???ес? ?еы╧╜ 179-2,??????,1,200,360???????,30,37561,02-2148-4301,37.5729276,126.9862217,43140
????????? ???ес??,????????? ???ес? ?еы╧╜?? 24,????????? ???ес? ?еы╧╜ 15,??????,2,200,360???????,30,40634,02-2148-4301,37.573,126.986323,43140
????????? ???ес??,????????? ???ес? ?еы╧╜?? 24,????????? ???ес? ?еы╧╜ 15,??????,1,41,???? ????(????),30,40634,02-2148-4301,37.573,126.986323,43140
????????? ???ес??,????????? ???ес? ?еы╧╜?? 40,????????? ???ес? ????? 37,??????,1,200,360???????,30,40878,02-2148-4301,37.5739234,126.9850717,43140
????????? ???ес??,????????? ???ес? ?еы╧╜?? 47,????????? ???ес? ????? 168,??????,1,200,360???????,30,37561,02-2148-4301,37.574353,126.984331,43140
????????? ???ес??,????????? ???ес? ?еы╧╜?? 9,????????? ???ес? ?еы╧╜ 137-2,??????,1,200,360???????,30,37561,02-2148-4301,37.571732,126.986965,43140
????????? ???ес??,????????? ???ес? ?ея???,????????? ???ес? ???ех? ??3-1 (?ея?▒╜????????? ?ея???????? ???),??????,1,200,360???????,30,41852,02-2148-4301,37.584089,126.963892,43140
????????? ???ес??,????????? ???ес? ?ея???,????????? ???ес? ???ех? ??3-1 (?ея?▒╜????????? ????????? ??),??????,1,200,360???????,30,41852,02-2148-4301,37.58273,126.961464,43140
????????? ???ес??,????????? ???ес? ?ея??? 15,????????? ???ес? ???? ??1-38 (?ея????? ?ея????????),??????,1,200,360???????,30,41609,02-2148-4301,37.578896,126.96322,43140
????????? ???ес??,????????? ???ес? ?ея???1??,????????? ???ес? ?????? ??1-10 (???????? ??????),??????,1,200,360???????,30,41609,02-2148-4301,37.575322,126.963582,43140
????????? ???ес??,????????? ???ес? ?ея???1?? 21,,?????,1,200,360???????,30,41913,02-2148-4301,37.574546,126.964512,43140
????????? ???ес??,????????? ???ес? ?ея???1?? 29,????????? ???ес? ?????? 304-36,??????,2,200,360???????,30,41609,02-2148-4301,37.5736182,126.9639237,43140
????????? ???ес??,????????? ???ес? ?ея???1?? 66,????????? ???ес? ????? 210-490,??????,3,200,360???????,30,42979,02-2148-4301,37.576073,126.962371,43140
????????? ???ес??,????????? ???ес? ??????? 119,????????? ???ес? ??? 50-31,??????,1,200,360???????,30,38443,02-2148-4301,37.586488,126.969721,43140
????????? ???ес??,????????? ???ес? ??????? 13-1,????????? ???ес? ??ех? 45-1,??????,1,41,360???????,30,38534,02-2148-4301,37.577346,126.972093,43140
????????? ???ес??,????????? ???ес? ??????? 235,????????? ???ес? ?ею?? 203-4,??????,1,200,360???????,30,41852,02-2148-4301,37.595247,126.963534,43140
????????? ???ес??,????????? ???ес? ??????? 27,????????? ???ес? ???ех? 156-2,??????,1,200,360???????,30,38443,02-2148-4301,37.57856,126.971523,43140
????????? ???ес??,????????? ???ес? ??????? 273,????????? ???ес? ?ею?? 185-4,??????,1,200,360???????,30,38443,02-2148-4301,37.598004,126.962093,43140
????????? ???ес??,????????? ???ес? ??????? 3,????????? ???ес? ????? 1-3,??????,3,200,360???????,30,41609,02-2148-4301,37.576533,126.972396,43140
????????? ???ес??,????????? ???ес? ??????? 302-5,????????? ???ес? ????? 103-17,??????,2,200,360???????,30,41609,02-2148-4301,37.59984,126.959638,43140
????????? ???ес??,????????? ???ес? ??????? 303,????????? ???ес? ????? 126-1,??????,2,200,360???????,30,41609,02-2148-4301,37.5990568,126.9593008,43140
????????? ???ес??,????????? ???ес? ??????? 306,,?????,1,200,360???????,30,41913,02-2148-4301,37.5997036,126.959064,43140
????????? ???ес??,????????? ???ес? ??????? 6,????????? ???ес? ????? 49-1,??????,1,41,360???????,30,40848,02-2148-4301,37.5766,126.97266,43140
????????? ???ес??,????????? ???ес? ??????? 69,????????? ???ес? ???ех? 18,??????,1,200,360???????,30,38443,02-2148-4301,37.582351,126.970507,43140
????????? ???ес??,????????? ???ес? ???????10?? 8,,?????,1,200,360???????,30,41913,02-2148-4301,37.579399,126.972013,43140
????????? ???ес??,????????? ???ес? ???????13?? 14,????????? ???ес? ???ех? 89-24,??????,3,200,360???????,30,42705,02-2148-4301,37.580098,126.970482,43140
????????? ???ес??,????????? ???ес? ???????14?? 13,????????? ???ес? ????? 98-2,??????,2,200,360???????,30,41609,02-2148-4301,37.5806947,126.9716901,43140
????????? ???ес??,????????? ???ес? ???????15?? 26,????????? ???ес? ???ех? 31-25,??????,2,200,360???????,30,41609,02-2148-4301,37.5806769,126.9694099,43140
????????? ???ес??,????????? ???ес? ???????17?? 12,,?????,1,200,360???????,30,41913,02-2148-4301,37.581354,126.969487,43140
????????? ???ес??,????????? ???ес? ???????1?? 34,????????? ???ес? ??ех? 213,??????,2,200,360???????,30,41609,02-2148-4301,37.5765137,126.9705457,43140
????????? ???ес??,????????? ???ес? ???????1???? 3-2,????????? ???ес? ??ех? 188,??????,3,200,360???????,30,41974,02-2148-4301,37.576792,126.971567,43140
????????? ???ес??,????????? ???ес? ???????21?? 10,????????? ???ес? ????? 17-3,??????,3,200,360???????,30,41974,02-2148-4301,37.5831699,126.969674,43140
????????? ???ес??,????????? ???ес? ???????23?? 19,????????? ???ес? ????? 17-47,??????,3,200,360???????,30,41609,02-2148-4301,37.583301,126.969177,43140
????????? ???ес??,????????? ???ес? ???????28???? 8,????????? ???ес? ??? 89-20,??????,2,200,360???????,30,41306,02-2148-4301,37.5858399,126.9716678,43140
????????? ???ес??,????????? ???ес? ???????28?? 8,,?????,1,200,360???????,30,41913,02-2148-4301,37.585046,126.97106,43140
????????? ???ес??,????????? ???ес? ???????30?? 15,????????? ???ес? ??? 82,??????,3,200,360???????,30,41609,02-2148-4301,37.5855045,126.9707093,43140
????????? ???ес??,????????? ???ес? ???????33???? 27,????????? ???ес? ??? 53-76,??????,2,200,360???????,30,40634,02-2148-4301,37.5875512,126.9682904,43140
????????? ???ес??,????????? ???ес? ???????33???? 27,????????? ???ес? ??? 53-76,??????,1,41,???? ????(????),30,40634,02-2148-4301,37.5875512,126.9682904,43140
????????? ???ес??,????????? ???ес? ???????33?? 2,????????? ???ес? ??? 59-1,??????,1,41,???? ????(????),30,40634,02-2148-4301,37.58617,126.969818,43140
????????? ???ес??,????????? ???ес? ???????33???? 6,????????? ???ес? ??? 52-6,??????,2,200,360???????,30,41609,02-2148-4301,37.5866397,126.9684822,43140
????????? ???ес??,????????? ???ес? ???????33?? 2,????????? ???ес? ??? 59-1,??????,2,200,360???????,30,40634,02-2148-4301,37.58617,126.969818,43140
????????? ???ес??,????????? ???ес? ???????33?? 22-1(?????? ??? ??),,?????,1,200,360???????,30,42217,02-2148-4301,37.586269,126.968635,43140
????????? ???ес??,????????? ???ес? ???????33?? 53,????????? ???ес? ??? 56-1,??????,3,200,360???????,30,42705,02-2148-4301,37.586629,126.966821,43140
????????? ???ес??,????????? ???ес? ???????33??? 28,????????? ???ес? ??? 52-50,??????,2,200,360???????,30,41609,02-2148-4301,37.5874,126.96694,43140
????????? ???ес??,????????? ???ес? ???????35??,????????? ???ес? ??? 7-6 (?ея????????),??????,1,130,360???????,30,41122,02-2148-4301,37.591294,126.966323,43140
????????? ???ес??,????????? ???ес? ???????35??,????????? ???ес? ??? 7-6 (?ея????????),??????,1,130,360???????,30,41122,02-2148-4301,37.589449,126.96531,43140
????????? ???ес??,????????? ???ес? ???????35??,????????? ???ес? ??? 7-3 (?ея?▒╜????????? ??????),??????,1,200,360???????,30,41852,02-2148-4301,37.590934,126.966281,43140
????????? ???ес??,????????? ???ес? ???????35?? 21,,?????,1,200,360???????,30,41913,02-2148-4301,37.588517,126.966223,43140
????????? ???ес??,????????? ???ес? ???????36?? 16,????????? ???ес? ??? 15,??????,3,200,360???????,30,41609,02-2148-4301,37.5902682,126.9683383,43140
????????? ???ес??,????????? ???ес? ???????40?? 19-2,????????? ???ес? ?ею?? 208-11,??????,3,200,360???????,30,42705,02-2148-4301,37.595577,126.964732,43140
????????? ???ес??,????????? ???ес? ???????40?? 6,????????? ???ес? ?ею?? 208-40,??????,2,200,360???????,30,41609,02-2148-4301,37.595189,126.963993,43140
????????? ???ес??,????????? ???ес? ???????41?? 13,????????? ???ес? ?ею?? 185-19,??????,3,200,360???????,30,42705,02-2148-4301,37.597087,126.961686,43140
????????? ???ес??,????????? ???ес? ???????42?? 57,????????? ???ес? ????? 158-5,??????,3,200,360???????,30,42339,02-2148-4301,37.600351,126.962784,43140
????????? ???ес??,????????? ???ес? ???????43?? 2(????????????????),????????? ???ес? ?ею?? 384-4,?????,1,200,360???????,30,42522,02-2148-4301,37.598687,126.960875,43140
????????? ???ес??,????????? ???ес? ???????4?? 14-14,????????? ???ес? ????? 35-44,??????,3,200,360???????,30,42339,02-2148-4301,37.57695,126.9729,43140
????????? ???ес??,????????? ???ес? ???????4?? 14-8,????????? ???ес? ????? 35-45,??????,1,200,???? ????(????),30,42339,02-2148-4301,37.577049,126.972905,43140
????????? ???ес??,????????? ???ес? ???????5???? 18,????????? ???ес? ??ех? 23-2,??????,2,200,360???????,30,41609,02-2148-4301,37.578288,126.970797,43140
????????? ???ес??,????????? ???ес? ???????5?? 35,????????? ???ес? ??? 176-1,??????,2,200,360???????,30,42339,02-2148-4301,37.577797,126.969932,43140
????????? ???ес??,????????? ???ес? ???????7?? 69,????????? ???ес? ????? 20,??????,1,200,???? ????(????),30,42339,02-2148-4301,37.580224,126.969016,43140
????????? ???ес??,????????? ???ес? ???????7?? 78,????????? ???ес? ???ех? 46-28,??????,1,41,???? ????(????),30,40634,02-2148-4301,37.5804556,126.9687049,43140
????????? ???ес??,????????? ???ес? ???????7?? 78,????????? ???ес? ???ех? 46-28,??????,3,200,360???????,30,40634,02-2148-4301,37.5804556,126.9687049,43140
????????? ???ес??,????????? ???ес? ???????8?? 9,????????? ???ес? ????? 98,??????,2,200,360???????,30,41609,02-2148-4301,37.578806,126.972181,43140
????????? ???ес??,????????? ???ес? ???????9?? 29,????????? ???ес? ????? 217,??????,3,200,360???????,30,40634,02-2148-4301,37.5793889,126.9696358,43140
????????? ???ес??,????????? ???ес? ???? 1,????????? ???ес? ?????? 119,??????,2,200,360???????,30,41609,02-2148-4301,37.570703,126.977446,43140
????????? ???ес??,????????? ???ес? ???? 116-1,????????? ???ес? ????3?? 115,??????,1,200,360???????,30,38169,02-2148-4301,37.570161,126.990452,43140
????????? ???ес??,????????? ???ес? ???? 140-1,????????? ???ес? ????3?? 148,??????,2,200,360???????,30,41609,02-2148-4301,37.5702973,126.9931769,43140
????????? ???ес??,????????? ???ес? ???? 141-1,????????? ???ес? ????3?? 37-7,??????,1,200,360???????,30,38473,02-2148-4301,37.570636,126.993323,43140
????????? ???ес??,????????? ???ес? ???? 145,????????? ???ес? ????3?? 39-8,??????,2,200,360???????,30,40634,02-2148-4301,37.570675,126.993857,43140
????????? ???ес??,????????? ???ес? ???? 145,????????? ???ес? ????3?? 39-8,??????,1,41,???? ????(????),30,40634,02-2148-4301,37.570675,126.993857,43140
????????? ???ес??,????????? ???ес? ???? 148-1,????????? ???ес? ????3?? 163,??????,1,200,360???????,30,38169,02-2148-4301,37.570335,126.994048,43140
????????? ???ес??,????????? ???ес? ???? 157 (???????????),,??????,1,200,360???????,30,42339,02-2148-4301,37.571253,126.994187,43140
????????? ???ес??,????????? ???ес? ???? 157 (???????????),,??????,1,200,360???????,30,42339,02-2148-4301,37.570798,126.993991,43140
????????? ???ес??,????????? ???ес? ???? 157 (???????????),,??????,1,200,360???????,30,42339,02-2148-4301,37.571266,126.994817,43140
????????? ???ес??,????????? ???ес? ???? 157 (???????????),,??????,1,200,360???????,30,42339,02-2148-4301,37.572014,126.994778,43140
????????? ???ес??,????????? ???ес? ???? 157 (???????????),,??????,1,200,360???????,30,42339,02-2148-4301,37.571605,126.994274,43140
????????? ???ес??,????????? ???ес? ???? 157 (???????????),,??????,1,200,360???????,30,42339,02-2148-4301,37.57197,126.993832,43140
????????? ???ес??,????????? ???ес? ???? 157 (???????????),,??????,1,200,360???????,30,42552,02-2148-4301,37.571999,126.995828,43140
????????? ???ес??,????????? ???ес? ???? 157 (???????????),,??????,1,200,360???????,30,42552,02-2148-4301,37.571478,126.996078,43140
????????? ???ес??,????????? ???ес? ???? 157 (???????????),,??????,1,200,360???????,30,42552,02-2148-4301,37.571799,126.995826,43140
????????? ???ес??,????????? ???ес? ???? 157 (???????????),,??????,1,200,360???????,30,42552,02-2148-4301,37.571097,126.995511,43140
????????? ???ес??,????????? ???ес? ???? 157 (???????????),,??????,1,200,360???????,30,42339,02-2148-4301,37.571715,126.994795,43140
????????? ???ес??,????????? ???ес? ???? 160-1,????????? ???ес? ????4?? 56,??????,2,200,360???????,30,41609,02-2148-4301,37.570396,126.9953935,43140
????????? ???ес??,????????? ???ес? ???? 206,????????? ???ес? ????5?? 138-8,??????,1,200,360???????,30,38169,02-2148-4301,37.5707664,127.0007639,43140
????????? ???ес??,????????? ???ес? ???? 230-2,????????? ???ес? ????5?? 193-1,??????,1,200,360???????,30,38169,02-2148-4301,37.570856,127.003426,43140
????????? ???ес??,????????? ???ес? ???? 244-1,????????? ???ес? ????5?? 231-1,??????,1,200,360???????,30,38169,02-2148-4301,37.570892,127.004876,43140
????????? ???ес??,????????? ???ес? ???? 251-3,????????? ???ес? ????5?? 9-6,??????,2,200,360???????,30,41609,02-2148-4301,37.5715415,127.0056356,43140
????????? ???ес??,????????? ???ес? ???? 266,????????? ???ес? ????6?? 262-1,??????,1,200,360???????,30,42217,02-2148-4301,37.570944,127.006786,43140
????????? ???ес??,????????? ???ес? ???? 298,????????? ???ес? ???? 465,??????,1,200,360???????,30,38169,02-2148-4301,37.571603,127.010982,43140
????????? ???ес??,????????? ???ес? ???? 30 (????????),,??????,1,200,360???????,30,42156,02-2148-4301,37.56959,126.980935,43140
????????? ???ес??,????????? ???ес? ???? 322,????????? ???ес? ???? 352-1,??????,1,200,360???????,30,41426,02-2148-4301,37.572264,127.013519,43140
????????? ???ес??,????????? ???ес? ???? 347,????????? ???ес? ???ех? 76,??????,1,200,360???????,30,41609,02-2148-4301,37.573966,127.015773,43140
????????? ???ес??,????????? ???ес? ???? 351-6,????????? ???ес? ???ех? 97,??????,3,200,360???????,30,42339,02-2148-4301,37.573615,127.016547,43140
????????? ???ес??,????????? ???ес? ???? 368,????????? ???ес? ???ех? 221,??????,3,200,360???????,30,41609,02-2148-4301,37.573631,127.018361,43140
????????? ???ес??,????????? ???ес? ???? 69,????????? ???ес? ????2?? 9,??????,3,200,360???????,30,41609,02-2148-4301,37.570357,126.98557,43140
????????? ???ес??,????????? ???ес? ???? 99,????????? ???ес? ????2?? 38-1,??????,1,200,360???????,30,40118,02-2148-4301,37.57105,126.987815,43140
????????? ???ес??,????????? ???ес? ????11?? 9-20,????????? ???ес? ?еы╧╜ 243,??????,3,200,360???????,30,41609,02-2148-4301,37.5709003,126.9849533,43140
????????? ???ес??,????????? ???ес? ????12?? 10,????????? ???ес? ????? 18-1,??????,3,200,360???????,30,41609,02-2148-4301,37.5697613,126.9856882,43140
????????? ???ес??,????????? ???ес? ????18?? 21,????????? ???ес? ?????? 52-1,??????,3,200,360???????,30,41974,02-2148-4301,37.569303,126.991397,43140
????????? ???ес??,????????? ???ес? ????28?? 11,????????? ???ес? ?????? 96,??????,2,200,360???????,30,41609,02-2148-4301,37.569905,126.995457,43140
????????? ???ес??,????????? ???ес? ????30?? 9,????????? ???ес? ?????? 46,??????,2,200,360???????,30,41609,02-2148-4301,37.57024,126.99705,43140
????????? ???ес??,????????? ???ес? ????35???? 7-15,????????? ???ес? ????? 214,??????,2,200,360???????,30,42339,02-2148-4301,37.572493,127.004357,43140
????????? ???ес??,????????? ???ес? ????36?? 9,????????? ???ес? ????5?? 231-14,??????,3,200,360???????,30,42705,02-2148-4301,37.570464,127.003982,43140
????????? ???ес??,????????? ???ес? ????3?? 17,????????? ???ес? ????? 246,??????,3,200,360???????,30,41609,02-2148-4301,37.5703651,126.9792201,43140
????????? ???ес??,????????? ???ес? ????3?? 24-7,????????? ???ес? ????? 146-3 (???????),??????,1,200,360???????,30,42552,02-2148-4301,37.571509,126.979839,43140
????????? ???ес??,????????? ???ес? ????41?? 48,????????? ???ес? ????6?? 210-11,??????,2,200,360???????,30,41609,02-2148-4301,37.5734426,127.0062196,43140
????????? ???ес??,????????? ???ес? ????44?? 29,????????? ???ес? ???? 430-9,??????,3,200,360???????,30,41609,02-2148-4301,37.5706895,127.0118791,43140
????????? ???ес??,????????? ???ес? ????44?? 43,????????? ???ес? ???? 432,??????,3,200,360???????,30,41609,02-2148-4301,37.5706944,127.0126716,43140
????????? ???ес??,????????? ???ес? ????44?? 9,????????? ???ес? ???? 446-1,??????,3,200,360???????,30,41609,02-2148-4301,37.57093,127.01057,43140
????????? ???ес??,????????? ???ес? ????48?? 26-1,????????? ???ес? ???? 450-2,??????,2,200,360???????,30,41609,02-2148-4301,37.571126,127.01188,43140
????????? ???ес??,????????? ???ес? ????51?? 37,????????? ???ес? ???? 582-6,??????,2,200,360???????,30,41609,02-2148-4301,37.5735868,127.0112347,43140
????????? ???ес??,????????? ???ес? ????51???? 3,????????? ???ес? ???? 142-37,??????,2,200,360???????,30,41609,02-2148-4301,37.572508,127.012189,43140
????????? ???ес??,????????? ???ес? ????52?? 12,????????? ???ес? ???? 457-3,??????,1,200,360???????,30,42217,02-2148-4301,37.571682,127.013098,43140
????????? ???ес??,????????? ???ес? ????53?? 21-4,????????? ???ес? ???? 197-15,??????,2,200,360???????,30,41609,02-2148-4301,37.5733884,127.013499,43140
????????? ???ес??,????????? ???ес? ????53?? 22-4,????????? ???ес? ???? 197-27,??????,3,200,360???????,30,42339,02-2148-4301,37.573496,127.013926,43140
????????? ???ес??,????????? ???ес? ????54?? 19,????????? ???ес? ???? 330-46,??????,1,200,360???????,30,42217,02-2148-4301,37.571487,127.01413,43140
????????? ???ес??,????????? ???ес? ????56?? 36,????????? ???ес? ???ех? 317-37,??????,3,200,360???????,30,42705,02-2148-4301,37.571634,127.016626,43140
????????? ???ес??,????????? ???ес? ????57?? 22,????????? ???ес? ???ех? 72-47,??????,3,200,360???????,30,41974,02-2148-4301,37.574198,127.016569,43140
????????? ???ес??,????????? ???ес? ????57?? 5-4,????????? ???ес? ???ех? 100-1,??????,1,200,???? ????(????),30,42339,02-2148-4301,37.573557,127.016691,43140
????????? ???ес??,????????? ???ес? ????57?? 8-13,????????? ???ес? ???ех? 133-3,??????,2,200,360???????,30,41609,02-2148-4301,37.5738075,127.0174841,43140
????????? ???ес??,????????? ???ес? ????58?? 27,????????? ???ес? ???ех? 238-2,??????,3,200,360???????,30,41609,02-2148-4301,37.5723581,127.0182618,43140
????????? ???ес??,????????? ???ес? ????58?? 30,????????? ???ес? ???ех? 242-1,??????,2,200,360???????,30,40634,02-2148-4301,37.5718063,127.0183927,43140
????????? ???ес??,????????? ???ес? ????58?? 30,????????? ???ес? ???ех? 242-1,??????,1,41,???? ????(????),30,40634,02-2148-4301,37.5718063,127.0183927,43140
????????? ???ес??,????????? ???ес? ????58?? 40,????????? ???ес? ???ех? 241-1,??????,2,200,360???????,30,41609,02-2148-4301,37.571539,127.01853,43140
????????? ???ес??,????????? ???ес? ????62?? 10,????????? ???ес? ???ех? 227-7,??????,1,200,360???????,30,41306,02-2148-4301,37.573382,127.019125,43140
????????? ???ес??,????????? ???ес? ????62?? 10,????????? ???ес? ???ех? 227-7,??????,2,130,???? ????(????),30,41306,02-2148-4301,37.573382,127.019125,43140
????????? ???ес??,????????? ???ес? ????63???? 17,????????? ???ес? ???ех? 72-168,??????,1,200,???? ????(????),30,42339,02-2148-4301,37.574916,127.01913,43140
????????? ???ес??,????????? ???ес? ????63???? 22,????????? ???ес? ???ех? 178-178,??????,2,200,360???????,30,42339,02-2148-4301,37.575206,127.019111,43140
????????? ???ес??,????????? ???ес? ????63???? 46,????????? ???ес? ???ех? 179-46,??????,2,200,360???????,30,41609,02-2148-4301,37.576073,127.018852,43140
????????? ???ес??,????????? ???ес? ????63???? 79,????????? ???ес? ???ех? 181-145,??????,2,200,360???????,30,42339,02-2148-4301,37.577312,127.018672,43140
????????? ???ес??,????????? ???ес? ????63???? 79,????????? ???ес? ???ех? 181-145,??????,1,200,???? ????(????),30,42339,02-2148-4301,37.57731,127.01873,43140
????????? ???ес??,????????? ???ес? ????63?? 15,????????? ???ес? ???ех? 72-190,??????,3,200,360???????,30,41609,02-2148-4301,37.5747225,127.0185147,43140
????????? ???ес??,????????? ???ес? ????63?? 19,????????? ???ес? ???ех? 72-161,??????,1,200,???? ????(????),30,42491,02-2148-4301,37.574987,127.018462,43140
????????? ???ес??,????????? ???ес? ????63?? 5,????????? ???ес? ???ех? 72-11,??????,4,200,360???????,30,42339,02-2148-4301,37.574376,127.018632,43140
????????? ???ес??,????????? ???ес? ????63??? 20,????????? ???ес? ???ех? 72-24,??????,3,200,360???????,30,42339,02-2148-4301,37.574054,127.017678,43140
????????? ???ес??,????????? ???ес? ????65?? 10(?????????),????????? ???ес? ???ех? 178-167,?????,1,200,360???????,30,42522,02-2148-4301,37.574975,127.019838,43140
????????? ???ес??,????????? ???ес? ????65?? 20-14,????????? ???ес? ???ех? 178-64,??????,1,130,360???????,30,40940,02-2148-4301,37.575713,127.02071,43140
????????? ???ес??,????????? ???ес? ????65?? 20-14,????????? ???ес? ???ех? 178-64,??????,3,200,???? ????(????),30,40940,02-2148-4301,37.575713,127.02071,43140
????????? ???ес??,????????? ???ес? ????65?? 26,????????? ???ес? ???ех? 178-61,??????,3,200,360???????,30,41609,02-2148-4301,37.5757189,127.019949,43140
????????? ???ес??,????????? ???ес? ????65?? 9-17,????????? ???ес? ???ех? 178-83,??????,3,200,360???????,30,42705,02-2148-4301,37.575628,127.019556,43140
????????? ???ес??,????????? ???ес? ????67?? 41,????????? ???ес? ???ех? 181-127,??????,1,130,360???????,30,40940,02-2148-4301,37.576685,127.02025,43140
????????? ???ес??,????????? ???ес? ????67?? 41,????????? ???ес? ???ех? 181-127,??????,2,200,???? ????(????),30,40940,02-2148-4301,37.576685,127.02025,43140
????????? ???ес??,????????? ???ес? ?????? 100-16,????????? ???ес? ???ех? 11-2,??????,3,200,360???????,30,42339,02-2148-4301,37.579356,127.015745,43140
????????? ???ес??,????????? ???ес? ?????? 107,????????? ???ес? ???? 20-15,??????,2,200,360???????,30,41609,02-2148-4301,37.5796752,127.0150886,43140
????????? ???ес??,????????? ???ес? ?????? 20,????????? ???ес? ???ех? 316-1,??????,1,200,360???????,30,39417,02-2148-4301,37.5718941,127.0158638,43140
????????? ???ес??,????????? ???ес? ?????? 70,????????? ???ес? ???ех? 61-66,??????,1,200,360???????,30,39417,02-2148-4301,37.57624,127.015667,43140
????????? ???ес??,????????? ???ес? ?????? 85-64,????????? ???ес? ???? 23-87,??????,1,200,360???????,30,41306,02-2148-4301,37.5774038,127.0147411,43140
????????? ???ес??,????????? ???ес? ?????? 85-64,????????? ???ес? ???? 23-87,??????,2,130,???? ????(????),30,41306,02-2148-4301,37.5774038,127.0147411,43140
????????? ???ес??,????????? ???ес? ?????? 9,????????? ???ес? ???? 393-18,??????,1,200,360???????,30,39417,02-2148-4301,37.57084,127.015704,43140
????????? ???ес??,????????? ???ес? ??????11?? 13,????????? ???ес? ???? 128-23,??????,3,200,360???????,30,41609,02-2148-4301,37.576778,127.014604,43140
????????? ???ес??,????????? ???ес? ??????11?? 30,????????? ???ес? ???? 23-256,??????,2,200,360???????,30,41609,02-2148-4301,37.576915,127.013834,43140
????????? ???ес??,????????? ???ес? ??????12???? 54,????????? ???ес? ???ех? 70-12,??????,3,200,360???????,30,42339,02-2148-4301,37.574895,127.016835,43140
????????? ???ес??,????????? ???ес? ??????12???? 9,????????? ???ес? ???ех? 59,??????,3,200,360???????,30,41609,02-2148-4301,37.5766865,127.0167915,43140
????????? ???ес??,????????? ???ес? ??????12?? 31,????????? ???ес? ???ех? 57-8,??????,2,200,360???????,30,41609,02-2148-4301,37.57763,127.016528,43140
????????? ???ес??,????????? ???ес? ??????12?? 55,????????? ???ес? ???ех? 56-28,??????,3,200,360???????,30,41609,02-2148-4301,37.5786497,127.016229,43140
????????? ???ес??,????????? ???ес? ??????12?? 9,????????? ???ес? ???ех? 56-78,??????,3,200,360???????,30,42705,02-2148-4301,37.577074,127.016204,43140
????????? ???ес??,????????? ???ес? ??????13???? 35,????????? ???ес? ???? 23-694,??????,3,200,360???????,30,41974,02-2148-4301,37.577412,127.013221,43140
????????? ???ес??,????????? ???ес? ??????13???? 69,????????? ???ес? ???? 23-739,??????,2,200,360???????,30,41609,02-2148-4301,37.5760031,127.0127913,43140
????????? ???ес??,????????? ???ес? ??????13?? 14,????????? ???ес? ???? 6-25,??????,2,200,360???????,30,40634,02-2148-4301,37.578775,127.0148,43140
????????? ???ес??,????????? ???ес? ??????13?? 14,????????? ???ес? ???? 6-25,??????,1,41,???? ????(????),30,40634,02-2148-4301,37.578775,127.0148,43140
????????? ???ес??,????????? ???ес? ??????13?? 62,????????? ???ес? ???? 23-362 (?????????),??????,1,200,360???????,30,42552,02-2148-4301,37.577911,127.013097,43140
????????? ???ес??,????????? ???ес? ??????13?? 82,????????? ???ес? ???? 23-344,??????,2,200,360???????,30,41609,02-2148-4301,37.5770661,127.0123782,43140
????????? ???ес??,????????? ???ес? ??????14?? 37,????????? ???ес? ???ех? 49-1,??????,3,200,360???????,30,41609,02-2148-4301,37.57915,127.016477,43140
????????? ???ес??,????????? ???ес? ??????14?? 6,????????? ???ес? ???ех? 53-24,??????,1,200,360???????,30,41306,02-2148-4301,37.5780899,127.0157752,43140
????????? ???ес??,????????? ???ес? ??????14?? 6,????????? ???ес? ???ех? 53-24,??????,2,130,???? ????(????),30,41306,02-2148-4301,37.5780899,127.0157752,43140
????????? ???ес??,????????? ???ес? ??????17?? 47,????????? ???ес? ???? 13-20,??????,2,200,360???????,30,41609,02-2148-4301,37.579929,127.012989,43140
????????? ???ес??,????????? ???ес? ??????2?? 1,????????? ???ес? ???? 401-6,??????,2,200,360???????,30,41609,02-2148-4301,37.570343,127.016178,43140
????????? ???ес??,????????? ???ес? ??????5?? 24-2,????????? ???ес? ???? 82-1,??????,2,200,360???????,30,41609,02-2148-4301,37.574944,127.014732,43140
????????? ???ес??,????????? ???ес? ??????5?? 4,????????? ???ес? ???? 81-2,??????,1,200,360???????,30,40360,02-2148-4301,37.57433,127.015555,43140
????????? ???ес??,????????? ???ес? ??????5?? 43,????????? ???ес? ???? 114-2,??????,2,200,360???????,30,42339,02-2148-4301,37.575634,127.013983,43140
????????? ???ес??,????????? ???ес? ??????5?? 5,????????? ???ес? ???? 237,?????,3,200,360???????,30,42339,02-2148-4301,37.574241,127.015142,43140
????????? ???ес??,????????? ???ес? ??????5?? 7-5,????????? ???ес? ???? 222-8,??????,3,200,???? ????(????),30,42339,02-2148-4301,37.573614,127.014415,43140
????????? ???ес??,????????? ???ес? ??????7?? 23,????????? ???ес? ???? 67,??????,3,200,360???????,30,42339,02-2148-4301,37.57543,127.015225,43140
????????? ???ес??,????????? ???ес? ??????8?? 18-1,????????? ???ес? ???ех? 67-1,??????,2,200,360???????,30,41609,02-2148-4301,37.575525,127.016625,43140
????????? ???ес??,????????? ???ес? ????? 97,,?????,1,200,360???????,30,41913,02-2148-4301,37.578408,127.01472,43140
????????? ???ес??,????????? ???ес? ????? 439,????????? ???ес? ???? 85-9,??????,1,200,360???????,30,39508,02-2148-4301,37.607993,126.957611,43140
????????? ???ес??,????????? ???ес? ????? 445,????????? ???ес? ???? 88-40,??????,2,200,360???????,30,41609,02-2148-4301,37.607717,126.958,43140
????????? ???ес??,????????? ???ес? ????? 487,????????? ???ес? ????? 16,??????,1,41,360???????,30,38443,02-2148-4301,37.60489,126.961135,43140
????????? ???ес??,????????? ???ес? ?????22?? 47,????????? ???ес? ???? 50-5,??????,3,200,360???????,30,42705,02-2148-4301,37.605996,126.956637,43140
????????? ???ес??,????????? ???ес? ?????22???? 19,????????? ???ес? ???? 100-49,??????,3,200,360???????,30,41609,02-2148-4301,37.6068093,126.9572184,43140
????????? ???ес??,????????? ???ес? ?????22???? 56,????????? ???ес? ???? 260-14,??????,2,200,360???????,30,41609,02-2148-4301,37.606709,126.955233,43140
????????? ???ес??,????????? ???ес? ???б└? 109,????????? ???ес? ????? 112-2,??????,3,200,360???????,30,41609,02-2148-4301,37.5712971,126.997624,43140
????????? ???ес??,????????? ???ес? ???б└? 237,????????? ???ес? ???2?? 231,??????,1,200,360???????,30,41091,02-2148-4301,37.583066,126.998612,43140
????????? ???ес??,????????? ???ес? ???б└? 288,,?????,1,200,360???????,30,41913,02-2148-4301,37.586262,127.002023,43140
????????? ???ес??,????????? ???ес? ???б└?11?? 3,????????? ???ес? ?????? 165-2,??????,1,200,360???????,30,39417,02-2148-4301,37.5697235,126.9977834,43140
????????? ???ес??,????????? ???ес? ???б└?16?? 26,????????? ???ес? ?????? 110-1,??????,3,200,360???????,30,41974,02-2148-4301,37.5743723,126.9990035,43140
????????? ???ес??,????????? ???ес? ???б└?21?? 9,????????? ???ес? ?????? 244-7,??????,3,200,360???????,30,42339,02-2148-4301,37.575096,126.996854,43140
????????? ???ес??,????????? ???ес? ???б└?26?? 28,????????? ???ес? ???4?? 206-24,??????,3,200,360???????,30,42339,02-2148-4301,37.581804,126.999172,43140
????????? ???ес??,????????? ???ес? ???б└?31?? 22,????????? ???ес? ???2?? 159-3,??????,1,200,???? ????(????),30,42339,02-2148-4301,37.584274,126.998603,43140
????????? ???ес??,????????? ???ес? ???б└?31?? 24,????????? ???ес? ???2?? 159-2,??????,2,200,360???????,30,42339,02-2148-4301,37.584219,126.998501,43140
????????? ???ес??,????????? ???ес? ???б└?35???? 22,????????? ???ес? ????? 71-20,??????,4,200,360???????,30,41609,02-2148-4301,37.5874325,127.0007155,43140
????????? ???ес??,????????? ???ес? ???б└?35?? 19,????????? ???ес? ????? 53-11,??????,2,200,360???????,30,41609,02-2148-4301,37.586788,127.0018559,43140
????????? ???ес??,????????? ???ес? ???б└?35?? 55,????????? ???ес? ????? 26-39,??????,2,200,360???????,30,41609,02-2148-4301,37.588231,127.002471,43140
????????? ???ес??,????????? ???ес? ?????1???? 26,????????? ???ес? ?????? 135-108,??????,2,200,360???????,30,41609,02-2148-4301,37.5803635,126.9884401,43140
????????? ???ес??,????????? ???ес? ?????3?? 33,????????? ???ес? ?????? 76-47,??????,3,200,360???????,30,41609,02-2148-4301,37.5824463,126.9884267,43140
????????? ???ес??,????????? ???ес? ?????3?? 7,????????? ???ес? ?????? 135-20,??????,3,200,360???????,30,41609,02-2148-4301,37.58137,126.988776,43140
????????? ???ес??,????????? ???ес? ?????3???? 5,????????? ???ес? ?????? 135-59,??????,1,200,???? ????(????),30,42705,02-2148-4301,37.581507,126.988509,43140
????????? ???ес??,????????? ???ес? ?????4?? 12,????????? ???ес? ?????? 86-22,??????,3,200,360???????,30,42705,02-2148-4301,37.581889,126.98901,43140
????????? ???ес??,????????? ???ес? ?????4?? 3,????????? ???ес? ?????? 86-16,??????,1,130,360???????,30,40940,02-2148-4301,37.5816256,126.9891318,43140
????????? ???ес??,????????? ???ес? ?????4?? 3,????????? ???ес? ?????? 86-16,??????,2,200,???? ????(????),30,40940,02-2148-4301,37.5816256,126.9891318,43140
????????? ???ес??,????????? ???ес? ?????4?? 40,????????? ???ес? ?????? 76-42,??????,3,200,360???????,30,42339,02-2148-4301,37.582532,126.988169,43140
????????? ???ес??,????????? ???ес? ?????? 118,????????? ???ес? ?????? 46,??????,2,200,360???????,30,41609,02-2148-4301,37.5825872,126.9893204,43140
????????? ???ес??,????????? ???ес? ?????? 146-1,????????? ???ес? ?????? 4-11,??????,2,200,360???????,30,41609,02-2148-4301,37.583081,126.987789,43140
????????? ???ес??,????????? ???ес? ?????? 49,????????? ???ес? ?????? 129-5,??????,2,200,360???????,30,41609,02-2148-4301,37.5796169,126.9892684,43140
????????? ???ес??,????????? ???ес? ???11?? 26,????????? ???ес? ???? 23-557,??????,3,200,360???????,30,42339,02-2148-4301,37.578591,127.010297,43140
????????? ???ес??,????????? ???ес? ???11?? 61,????????? ???ес? ???? 23-470,??????,3,200,360???????,30,42339,02-2148-4301,37.577274,127.011564,43140
????????? ???ес??,????????? ???ес? ???4???? 18,????????? ???ес? ???? 647-9,??????,3,200,360???????,30,42339,02-2148-4301,37.57439,127.010299,43140
????????? ???ес??,????????? ???ес? ???5?? 37,????????? ???ес? ???? 135-1,??????,3,200,360???????,30,41609,02-2148-4301,37.574259,127.01242,43140
????????? ???ес??,????????? ???ес? ???5?? 77(???еы????? ???),,?????,1,200,360???????,30,42217,02-2148-4301,37.574683,127.013793,43140
????????? ???ес??,????????? ???ес? ???5??? 23-2,????????? ???ес? ???? 138-85,??????,4,200,360???????,30,41974,02-2148-4301,37.574158,127.013057,43140
????????? ???ес??,????????? ???ес? ???6???? 36,????????? ???ес? ???? 130-40,??????,2,200,360???????,30,40634,02-2148-4301,37.575458,127.012668,43140
????????? ???ес??,????????? ???ес? ???6???? 36,????????? ???ес? ???? 130-40,??????,1,41,???? ????(????),30,40634,02-2148-4301,37.575458,127.012668,43140
????????? ???ес??,????????? ???ес? ???6?? 52,????????? ???ес? ???? 595-73,??????,3,200,360???????,30,42705,02-2148-4301,37.576498,127.011512,43140
????????? ???ес??,????????? ???ес? ???8?? 3,????????? ???ес? ???? 596-12,??????,4,200,360???????,30,41974,02-2148-4301,37.576761,127.010203,43140
????????? ???ес??,????????? ???ес? ???8?? 42-2,????????? ???ес? ???? 23-619,??????,3,200,360???????,30,41609,02-2148-4301,37.577618,127.0109198,43140
????????? ???ес??,????????? ???ес? ???? 12,????????? ???ес? ???? 56,??????,1,200,360???????,30,41306,02-2148-4301,37.5722637,127.0107339,43140
????????? ???ес??,????????? ???ес? ???? 12,????????? ???ес? ???? 56,??????,1,130,???? ????(????),30,41306,02-2148-4301,37.5722637,127.0107339,43140
????????? ???ес??,????????? ???ес? ???? 156,????????? ???ес? ???? 609-4,??????,3,200,???? ????(????),30,40878,02-2148-4301,37.5780949,127.0091405,43140
????????? ???ес??,????????? ???ес? ???? 156,????????? ???ес? ???? 609-4,??????,1,130,360???????,30,40878,02-2148-4301,37.5780949,127.0091405,43140
????????? ???ес??,????????? ???ес? ???? 191-27,????????? ???ес? ???? 615-124,??????,3,200,360???????,30,42705,02-2148-4301,37.579352,127.008739,43140
????????? ???ес??,????????? ???ес? ???? 210-11 (????????????),,??????,1,200,360???????,30,41852,02-2148-4301,37.57951,127.01033,43140
????????? ???ес??,????????? ???ес? ???? 39-10,????????? ???ес? ???? 651-6,??????,2,200,360???????,30,41609,02-2148-4301,37.573641,127.010068,43140
????????? ???ес??,????????? ???ес? ???? 97,????????? ???ес? ???? 633-24,??????,2,200,360???????,30,41609,02-2148-4301,37.575956,127.010393,43140
????????? ???ес??,????????? ???ес? ?????? 119 (?ея?▒╜????????? ????????м╤? ??),????????? ???ес? ??? 3-148 (?ея????? ????????м╤? ??),??????,1,200,360???????,30,41609,02-2148-4301,37.592123,126.967374,43140
????????? ???ес??,????????? ???ес? ?????? 119 (?ея?▒╜????????? ????????м╤? ??),,??????,1,200,360???????,30,42156,02-2148-4301,37.591874,126.966738,43140
????????? ???ес??,????????? ???ес? ?????? 143-10,????????? ???ес? ?ею?? 265-5,??????,3,200,360???????,30,42979,02-2148-4301,37.592184,126.964362,43140
????????? ???ес??,????????? ???ес? ?????? 145,????????? ???ес? ?ею?? 265-21,??????,3,200,360???????,30,41609,02-2148-4301,37.592786,126.964065,43140
????????? ???ес??,????????? ???ес? ?????? 149,????????? ???ес? ?ею?? 278-5,??????,1,200,360???????,30,41883,02-2148-4301,37.593134,126.963797,43140
????????? ???ес??,????????? ???ес? ?????? 51,????????? ???ес? ??? 89-143,??????,1,200,360???????,30,41609,02-2148-4301,37.588486,126.972215,43140
????????? ???ес??,????????? ???ес? ??????11?? 20,????????? ???ес? ?ею?? 370-1,??????,3,200,360???????,30,42339,02-2148-4301,37.593637,126.961641,43140
????????? ???ес??,????????? ???ес? ??????3?? 8,????????? ???ес? ?ею?? 253,??????,3,200,360???????,30,42979,02-2148-4301,37.592278,126.965679,43140
????????? ???ес??,????????? ???ес? ??????5???? 1,????????? ???ес? ?ею?? 329-24,??????,1,200,360???????,30,41852,02-2148-4301,37.591651,126.963641,43140
????????? ???ес??,????????? ???ес? ??????5???? 18,????????? ???ес? ?ею?? 323,??????,3,200,360???????,30,42339,02-2148-4301,37.590436,126.962551,43140
????????? ???ес??,????????? ???ес? ??????5?? 59,????????? ???ес? ?ею?? 338-29,??????,3,200,360???????,30,41609,02-2148-4301,37.5896975,126.9639306,43140
????????? ???ес??,????????? ???ес? ??????5???? 11,????????? ???ес? ?ею?? 332-13,??????,3,200,360???????,30,42979,02-2148-4301,37.591527,126.964637,43140
????????? ???ес??,????????? ???ес? ??????5???? 2,????????? ???ес? ?ею?? 329-21,??????,3,200,360???????,30,42705,02-2148-4301,37.590962,126.96396,43140
????????? ???ес??,????????? ???ес? ??????5??? 22-2,????????? ???ес? ?ею?? 342-6,??????,3,200,360???????,30,41974,02-2148-4301,37.58883,126.962786,43140
????????? ???ес??,????????? ???ес? ??????9???? 1,????????? ???ес? ?ею?? 382-14,??????,1,130,360???????,30,40878,02-2148-4301,37.592325,126.961303,43140
????????? ???ес??,????????? ???ес? ??????9???? 1,????????? ???ес? ?ею?? 382-14,??????,2,200,???? ????(????),30,40878,02-2148-4301,37.592325,126.961303,43140
????????? ???ес??,????????? ???ес? ?????? 1,????????? ???ес? ?????? 159-1,??????,2,200,360???????,30,41609,02-2148-4301,37.56955,126.9773639,43140
????????? ???ес??,????????? ???ес? ?????? 1,????????? ???ес? ?????? 159-1,??????,2,200,360???????,30,41609,02-2148-4301,37.5692685,126.9775683,43140
????????? ???ес??,????????? ???ес? ?????? 149-1,????????? ???ес? ??╧╜ 204-1,??????,2,200,360???????,30,41609,02-2148-4301,37.568702,126.994414,43140
????????? ???ес??,????????? ???ес? ?????? 159,????????? ???ес? ??╧╜ 116-4,??????,2,200,360???????,30,41609,02-2148-4301,37.568766,126.995411,43140
????????? ???ес??,????????? ???ес? ?????? 291,????????? ???ес? ???? 436-79,??????,3,200,360???????,30,42705,02-2148-4301,37.570081,127.009977,43140
????????? ???ес??,????????? ???ес? ?????? 341,????????? ???ес? ???? 436-73,??????,1,130,360???????,30,40878,02-2148-4301,37.5700898,127.0156286,43140
????????? ???ес??,????????? ???ес? ?????? 341,????????? ???ес? ???? 436-73,??????,2,200,???? ????(????),30,40878,02-2148-4301,37.5700898,127.0156286,43140
????????? ???ес??,????????? ???ес? ?????? 73,????????? ???ес? ????? 11-14,??????,3,200,360???????,30,41609,02-2148-4301,37.5685594,126.9857999,43140
????????? ???ес??,????????? ???ес? ???4???? 5,????????? ???ес? ???? 1-314,??????,2,200,360???????,30,41609,02-2148-4301,37.576048,127.007845,43140
????????? ???ес??,????????? ???ес? ???? 3,????????? ???ес? ????6?? 201-3,??????,1,200,360???????,30,41306,02-2148-4301,37.573407,127.007629,43140
????????? ???ес??,????????? ???ес? ???? 3,????????? ???ес? ????6?? 201-3,??????,1,130,???? ????(????),30,41306,02-2148-4301,37.573407,127.007629,43140
????????? ???ес??,????????? ???ес? ???? 31,????????? ???ес? ????6?? 1-76,??????,2,200,360???????,30,41609,02-2148-4301,37.57421,127.00792,43140
????????? ???ес??,????????? ???ес? ???? 53,????????? ???ес? ???? 25-14,??????,3,200,360???????,30,42979,02-2148-4301,37.575179,127.00736,43140
????????? ???ес??,????????? ???ес? ???? 76-9,????????? ???ес? ???? 1-365,??????,2,200,360???????,30,41609,02-2148-4301,37.576109,127.007498,43140
????????? ???ес??,????????? ???ес? ???? 78,????????? ???ес? ???? 1-71,??????,1,130,360???????,30,40940,02-2148-4301,37.5761316,127.0070329,43140
????????? ???ес??,????????? ???ес? ???? 78,????????? ???ес? ???? 1-71,??????,2,200,???? ????(????),30,40940,02-2148-4301,37.5761316,127.0070329,43140
????????? ???ес??,????????? ???ес? ????? 246-2,????????? ???ес? ????? 45-47,??????,2,200,360???????,30,41609,02-2148-4301,37.5744338,126.9582443,43140
????????? ???ес??,????????? ???ес? ????? 266,????????? ???ес? ????? 63-9,??????,3,200,360???????,30,41974,02-2148-4301,37.576094,126.956799,43140
????????? ???ес??,????????? ???ес? ?????12?? 16-20,????????? ???ес? ????? 206-14,??????,2,200,360???????,30,42339,02-2148-4301,37.572896,126.961063,43140
????????? ???ес??,????????? ???ес? ?????12?? 23,????????? ???ес? ????? 46-82,??????,2,200,360???????,30,41609,02-2148-4301,37.573805,126.960502,43140
????????? ???ес??,????????? ???ес? ?????12?? 30-23,????????? ???ес? ????? 210-678,??????,3,200,360???????,30,42979,02-2148-4301,37.573879,126.961071,43140
????????? ???ес??,????????? ???ес? ?????12?? 58-2,????????? ???ес? ????? 210-118,??????,4,200,360???????,30,41609,02-2148-4301,37.5747974,126.9618712,43140
????????? ???ес??,????????? ???ес? ?????12?? 92-1,????????? ???ес? ????? 46-263,??????,3,200,360???????,30,41609,02-2148-4301,37.576465,126.961964,43140
????????? ???ес??,????????? ???ес? ?????14?? 19,????????? ???ес? ????? 69-3,??????,2,200,360???????,30,41609,02-2148-4301,37.5754922,126.9578126,43140
????????? ???ес??,????????? ???ес? ?????14?? 6-5,????????? ???ес? ????? 45-20,??????,1,200,360???????,30,40360,02-2148-4301,37.5747205,126.9584868,43140
????????? ???ес??,????????? ???ес? ?????16?? 13,????????? ???ес? ????? 63-6,??????,2,200,360???????,30,41609,02-2148-4301,37.576459,126.956638,43140
????????? ???ес??,????????? ???ес? ?????16?? 3,????????? ???ес? ????? 67-1,??????,4,200,360???????,30,41609,02-2148-4301,37.5756754,126.957208,43140
????????? ???ес??,????????? ???ес? ?????18???? 26,????????? ???ес? ????? ??3-4 (?ея?▒╜????????? ?????? ???),??????,1,200,360???????,30,41609,02-2148-4301,37.5800393,126.9578077,43140
????????? ???ес??,????????? ???ес? ?????18???? 26,????????? ???ес? ????? ??3-4 (?ея?▒╜????????? ??? ???),??????,1,200,360???????,30,41609,02-2148-4301,37.5790445,126.9592668,43140
????????? ???ес??,????????? ???ес? ?????18???? 39,????????? ???ес? ????? ?? 2-24,??????,3,200,360???????,30,42705,02-2148-4301,37.577549,126.959971,43140
????????? ???ес??,????????? ???ес? ???10?? 5,????????? ???ес? ????? 234-9,??????,3,200,360???????,30,42705,02-2148-4301,37.605437,126.967439,43140
????????? ???ес??,????????? ???ес? ???11?? 20,????????? ???ес? ????? 352-4,??????,3,200,360???????,30,41609,02-2148-4301,37.606994,126.966337,43140
????????? ???ес??,????????? ???ес? ???12?? 8-15,????????? ???ес? ????? 166,??????,4,200,360???????,30,41609,02-2148-4301,37.6067505,126.9682717,43140
????????? ???ес??,????????? ???ес? ???14?? 35,????????? ???ес? ????? 131-8,??????,1,130,360???????,30,40878,02-2148-4301,37.6107946,126.9675169,43140
????????? ???ес??,????????? ???ес? ???14?? 35,????????? ???ес? ????? 131-8,??????,3,200,???? ????(????),30,40878,02-2148-4301,37.6107946,126.9675169,43140
????????? ???ес??,????????? ???ес? ???1?? 22,????????? ???ес? ????? 5-12,??????,2,200,360???????,30,41609,02-2148-4301,37.60515,126.96269,43140
????????? ???ес??,????????? ???ес? ???20?? 51,????????? ???ес? ????? 139-4,??????,3,200,360???????,30,41609,02-2148-4301,37.6112103,126.970096,43140
????????? ???ес??,????????? ???ес? ???24?? 24,????????? ???ес? ????? 108-9,??????,1,200,360???????,30,41306,02-2148-4301,37.6090264,126.9764028,43140
????????? ???ес??,????????? ???ес? ???24?? 24,????????? ???ес? ????? 108-9,??????,2,130,???? ????(????),30,41306,02-2148-4301,37.6090264,126.9764028,43140
????????? ???ес??,????????? ???ес? ???26?? 2,????????? ???ес? ????? 99-55,??????,1,130,360???????,30,40878,02-2148-4301,37.6104148,126.9742319,43140
????????? ???ес??,????????? ???ес? ???26?? 2,????????? ???ес? ????? 99-55,??????,2,200,???? ????(????),30,40878,02-2148-4301,37.6104148,126.9742319,43140
????????? ???ес??,????????? ???ес? ???30?? 31,????????? ???ес? ????? 462-2,??????,2,200,360???????,30,41609,02-2148-4301,37.612514,126.97495,43140
????????? ???ес??,????????? ???ес? ???3?? 13,????????? ???ес? ????? 345-32,??????,3,200,360???????,30,42705,02-2148-4301,37.607078,126.964147,43140
????????? ???ес??,????????? ???ес? ???4?? 21-2,????????? ???ес? ????? 562-32,??????,3,200,360???????,30,42705,02-2148-4301,37.609613,126.963253,43140
????????? ???ес??,????????? ???ес? ???4?? 38,????????? ???ес? ????? 564,??????,2,200,360???????,30,41609,02-2148-4301,37.611074,126.962719,43140
????????? ???ес??,????????? ???ес? ???6?? 18,????????? ???ес? ????? 489-1,??????,3,200,360???????,30,42339,02-2148-4301,37.614664,126.97111,43140
????????? ???ес??,????????? ???ес? ???7?? 29,????????? ???ес? ????? 445-2,??????,3,200,360???????,30,41609,02-2148-4301,37.6165528,126.9756917,43140
????????? ???ес??,????????? ???ес? ???8?? 12,????????? ???ес? ????? 270,??????,3,200,360???????,30,41974,02-2148-4301,37.604114,126.966337,43140
????????? ???ес??,????????? ???ес? ????? 180-5,????????? ???ес? ????? 523-8,??????,2,200,360???????,30,41609,02-2148-4301,37.612555,126.968287,43140
????????? ???ес??,????????? ???ес? ????? 220,????????? ???ес? ????? 495-4 (??????????????),??????,1,200,360???????,30,41852,02-2148-4301,37.612638,126.97036,43140
????????? ???ес??,????????? ???ес? ????? 23,????????? ???ес? ????? 296-19,??????,3,200,360???????,30,41609,02-2148-4301,37.6063344,126.9635698,43140
????????? ???ес??,????????? ???ес? ????? 268,????????? ???ес? ????? 476-2,??????,3,200,360???????,30,41609,02-2148-4301,37.6147147,126.974348,43140
????????? ???ес??,????????? ???ес? ????? 311(????????),,?????,1,200,360???????,30,42217,02-2148-4301,37.614766,126.977086,43140
????????? ???ес??,????????? ???ес? ????? 329,????????? ???ес? ????? 437-6,??????,3,200,360???????,30,41609,02-2148-4301,37.6134556,126.9781151,43140
????????? ???ес??,????????? ???ес? ????? 367,????????? ???ес? ????? 470 (????????????),??????,1,200,360???????,30,41852,02-2148-4301,37.61485,126.974435,43140
????????? ???ес??,????????? ???ес? ????? 38,????????? ???ес? ????? 345-63,??????,3,200,360???????,30,42705,02-2148-4301,37.607083,126.962253,43140
????????? ???ес??,????????? ???ес? ????? 44,????????? ???ес? ???? 17-13,??????,3,200,360???????,30,42705,02-2148-4301,37.607636,126.961544,43140
????????? ???ес??,????????? ???ес? ????? 6,????????? ???ес? ????? 327-7 (?????????????),??????,1,200,360???????,30,41852,02-2148-4301,37.605677,126.965062,43140
????????? ???ес??,????????? ???ес? ???????? 52,????????? ???ес? ????? 230-3,??????,1,200,360???????,30,38534,02-2148-4301,37.6056122,126.9671351,43140
????????? ???ес??,????????? ???ес? ???????? 72-21,????????? ???ес? ????? 192-1,??????,3,200,360???????,30,42705,02-2148-4301,37.606276,126.970315,43140
????????? ???ес??,????????? ???ес? ???????? 75,????????? ???ес? ????? 158-1,??????,1,200,360???????,30,42856,02-2148-4301,37.60649,126.969103,43140
????????? ???ес??,????????? ???ес? ????? 103,,?????,1,200,360???????,30,41913,02-2148-4301,37.584074,126.968901,43140
????????? ???ес??,????????? ???ес? ????? 116,????????? ???ес? ????? 59,??????,2,200,360???????,30,41609,02-2148-4301,37.5837314,126.9701915,43140
????????? ???ес??,????????? ???ес? ????? 23,????????? ???ес? ????? 251,??????,3,200,360???????,30,41609,02-2148-4301,37.5781263,126.9692999,43140
????????? ???ес??,????????? ???ес? ????? 33-7,????????? ???ес? ????? 179-2,??????,3,200,360???????,30,42705,02-2148-4301,37.579057,126.968326,43140
????????? ???ес??,????????? ???ес? ????? 87-2(??????м╥?),,?????,1,200,360???????,30,42217,02-2148-4301,37.583757,126.967316,43140
????????? ???ес??,????????? ???ес? ????? 9-2,,?????,1,200,360???????,30,42217,02-2148-4301,37.577185,126.969199,43140
????????? ???ес??,????????? ???ес? ?????10?? 16,????????? ???ес? ????? 6-13,??????,4,200,???? ????(????),30,40878,02-2148-4301,37.583654,126.967892,43140
????????? ???ес??,????????? ???ес? ?????13?? 17-1,????????? ???ес? ????? 2-20,??????,2,200,360???????,30,41609,02-2148-4301,37.5849689,126.9666258,43140
????????? ???ес??,????????? ???ес? ?????1?? 32,????????? ???ес? ??? 44,??????,2,200,360???????,30,41609,02-2148-4301,37.5778375,126.9676754,43140
????????? ???ес??,????????? ???ес? ?????1?? 49,????????? ???ес? ??? 22,??????,3,200,360???????,30,42705,02-2148-4301,37.578029,126.966773,43140
????????? ???ес??,????????? ???ес? ?????1?? 7-6,????????? ???ес? ??? 32-2,??????,2,200,360???????,30,41609,02-2148-4301,37.5771619,126.9687502,43140
????????? ???ес??,????????? ???ес? ?????2?? 16,????????? ???ес? ??ех? 104,??????,2,200,360???????,30,41609,02-2148-4301,37.5788121,126.9698937,43140
????????? ???ес??,????????? ???ес? ?????5???? 26,????????? ???ес? ???? 80,??????,2,200,360???????,30,40634,02-2148-4301,37.5800658,126.9669432,43140
????????? ???ес??,????????? ???ес? ?????5???? 26,????????? ???ес? ???? 80,??????,1,41,???? ????(????),30,40634,02-2148-4301,37.5800658,126.9669432,43140
????????? ???ес??,????????? ???ес? ?????9???? 33-2,????????? ???ес? ???ех? 47-451,??????,3,200,360???????,30,42705,02-2148-4301,37.582994,126.965788,43140
????????? ???ес??,????????? ???ес? ?????9?? 5,????????? ???ес? ???ех? 48,??????,3,200,360???????,30,41609,02-2148-4301,37.5822115,126.9672626,43140
????????? ???ес??,????????? ???ес? ????? 2,????????? ???ес? ????? 108-1,??????,4,200,360???????,30,42979,02-2148-4301,37.586045,127.000817,43140
????????? ???ес??,????????? ???ес? ????? 32,????????? ???ес? ????? 13-1,??????,2,200,360???????,30,41609,02-2148-4301,37.588328,126.999736,43140
????????? ???ес??,????????? ???ес? ????? 50,????????? ???ес? ????? 9-11,??????,1,41,360???????,30,40848,02-2148-4301,37.58981,126.999288,43140
????????? ???ес??,????????? ???ес? ????? 63,????????? ???ес? ???1?? 1,??????,1,41,360???????,30,38473,02-2148-4301,37.591985,126.999253,43140
????????? ???ес??,????????? ???ес? ?????10?? 15-9,????????? ???ес? ????? 15-118,??????,1,130,360???????,30,40940,02-2148-4301,37.588808,127.000327,43140
????????? ???ес??,????????? ???ес? ?????10?? 15-9,????????? ???ес? ????? 15-118,??????,2,200,???? ????(????),30,40940,02-2148-4301,37.588808,127.000327,43140
????????? ???ес??,????????? ???ес? ?????11?? 19,????????? ???ес? ???1?? 33-54,??????,2,200,360???????,30,41609,02-2148-4301,37.588805,126.998271,43140
????????? ???ес??,????????? ???ес? ?????12?? 14-9,????????? ???ес? ????? 13-10,??????,3,200,360???????,30,42979,02-2148-4301,37.589444,127.000588,43140
????????? ???ес??,????????? ???ес? ?????12?? 24,????????? ???ес? ????? 6-20,??????,4,200,360???????,30,41609,02-2148-4301,37.5900394,127.0001129,43140
????????? ???ес??,????????? ???ес? ?????16?? 26,????????? ???ес? ????? 5-49,??????,3,200,360???????,30,41609,02-2148-4301,37.590841,127.000395,43140
????????? ???ес??,????????? ???ес? ?????3???? 11,????????? ???ес? ???1?? 57-1,??????,1,130,360???????,30,40940,02-2148-4301,37.5867531,126.9986137,43140
????????? ???ес??,????????? ???ес? ?????3???? 11,????????? ???ес? ???1?? 57-1,??????,2,200,???? ????(????),30,40940,02-2148-4301,37.5867531,126.9986137,43140
????????? ???ес??,????????? ???ес? ?????3?? 20,????????? ???ес? ???1?? 49,??????,1,41,360???????,30,38687,02-2148-4301,37.586361,126.999203,43140
????????? ???ес??,????????? ???ес? ?????3?? 55,????????? ???ес? ???2?? 64-1,??????,1,41,360???????,30,38687,02-2148-4301,37.586056,126.997553,43140
????????? ???ес??,????????? ???ес? ?????3?? 6,????????? ???ес? ???1?? 46-7,??????,2,200,360???????,30,41609,02-2148-4301,37.586185,126.999667,43140
????????? ???ес??,????????? ???ес? ?????6?? 32,????????? ???ес? ????? 22-24,??????,3,200,360???????,30,42979,02-2148-4301,37.588087,127.001279,43140
????????? ???ес??,????????? ???ес? ?????6?? 63,,?????,1,200,360???????,30,41913,02-2148-4301,37.589438,127.001478,43140
????????? ???ес??,????????? ???ес? ?????6?? 70-1,????????? ???ес? ????? 15-146,??????,2,200,360???????,30,41609,02-2148-4301,37.589668,127.002082,43140
????????? ???ес??,????????? ???ес? ?????8?? 4,????????? ???ес? ????? 16-7,??????,4,200,360???????,30,42339,02-2148-4301,37.587898,127.00014,43140
????????? ???ес??,????????? ???ес? ?????9?? 24-16,????????? ???ес? ???1?? 33-59,??????,1,41,360???????,30,38687,02-2148-4301,37.588364,126.998359,43140
????????? ???ес??,????????? ???ес? ?????9?? 24-9 (????????????),,??????,1,200,360???????,30,41852,02-2148-4301,37.588157,126.998249,43140
????????? ???ес??,????????? ???ес? ?????9?? 28,????????? ???ес? ???1?? 23,??????,1,41,360???????,30,38687,02-2148-4301,37.587558,126.998255,43140
????????? ???ес??,????????? ???ес? ?????9?? 40,????????? ???ес? ???1?? 60-1,??????,2,200,360???????,30,41609,02-2148-4301,37.5871536,126.9980082,43140
????????? ???ес??,????????? ???ес? ?????9?? 48,????????? ???ес? ???1?? 65-1,??????,1,41,360???????,30,38687,02-2148-4301,37.586768,126.99777,43140
????????? ???ес??,????????? ???ес? ?????9?? 6,????????? ???ес? ???1?? 33-6,??????,1,41,360???????,30,38687,02-2148-4301,37.58784,126.999316,43140
????????? ???ес??,????????? ???ес? ?????2???? 16,????????? ???ес? ????? 34-15,??????,3,200,360???????,30,42705,02-2148-4301,37.600108,126.954983,43140
????????? ???ес??,????????? ???ес? ?????2?? 1,,?????,1,200,360???????,30,41913,02-2148-4301,37.600788,126.956861,43140
????????? ???ес??,????????? ???ес? ??????? 28,????????? ???ес? ????? 69-3,??????,4,200,360???????,30,42339,02-2148-4301,37.60191,126.957049,43140
????????? ???ес??,????????? ???ес? ??????? 88,????????? ???ес? ???? 55-17,??????,1,200,360???????,30,41306,02-2148-4301,37.6060109,126.9576508,43140
????????? ???ес??,????????? ???ес? ??????? 88,????????? ???ес? ???? 55-17,??????,2,130,???? ????(????),30,41306,02-2148-4301,37.6060109,126.9576508,43140
????????? ???ес??,????????? ???ес? ????7?? 20,????????? ???ес? ????? 28-2,??????,2,200,360???????,30,41609,02-2148-4301,37.578604,126.973114,43140
